st_dbscan_cluster_id,cluster_label,geometry_source,road_class,lane_count,carriageway_width_m,link_length_m,junction_degree,betweenness_centrality
3,BTP051 - Safina Plaza Junction,osmnx,unclassified,2,7.0,177.03759097046907,4,4.795159784625067e-06
2,BTP040 - Elite Junction,osmnx,tertiary,2,7.0,64.13710759442279,5,0.00048231583686024086
32,BTP027 - Modi Bridge Junction,osmnx,tertiary,2,7.0,215.80369731149315,3,6.33990924544388e-05
19,"BTP001 - 10th Cross, Dr. Rajkumar Road",osmnx,secondary,2,7.0,477.4568033850199,3,0.013586489877547105
133,POLICE_STATION::HAL Old Airport,osmnx,primary,2,7.0,654.6255943453855,3,0.0007973803623064114
35,BTP020 - Hosahalli Metro Station,fallback,road,2,7.0,250.0,4,0.0
27,POLICE_STATION::Malleshwaram,osmnx,residential,2,7.0,88.95647933179158,7,0.0009770540339678997
17,"BTP016 - 5th Main Road, RPC Layout",osmnx,residential,2,7.0,186.76623368595062,6,9.397225886647783e-05
15,BTP143 - ASC Junction,fallback,road,2,7.0,250.0,4,0.0
37,BTP044 - Sagar Theatre Junction,osmnx,tertiary,2,7.0,83.18813294372666,3,2.8964052390352757e-05
13,POLICE_STATION::Chikkajala,osmnx,residential,2,7.0,32.21333224576199,4,6.436456086745057e-06
145,"BTP016 - 5th Main Road, RPC Layout",osmnx,tertiary,2,7.0,55.04857105680446,8,0.0006984520322531398
23,POLICE_STATION::Malleshwaram,osmnx,residential,2,7.0,75.12089377734061,4,9.223441572305667e-05
382,POLICE_STATION::Kodigehalli,osmnx,secondary,2,9.0,312.5093325877144,6,0.000491198146259949
348,POLICE_STATION::HAL Old Airport,osmnx,tertiary,2,7.0,288.58821164634935,3,0.0007973803623064114
286,POLICE_STATION::Chikkajala,osmnx,residential,2,7.0,113.78832329278389,2,0.0
131,BTP108 - Tagore Park Junction,osmnx,tertiary,2,7.0,147.22934632398545,6,0.01733434171001745
123,BTP042 - Minsk Square Junction (CTO),osmnx,residential,2,7.0,123.74213174435968,6,4.956071186793694e-06
74,BTP051 - Safina Plaza Junction,osmnx,unclassified,2,7.0,91.07788523570986,4,2.233450262100535e-05
16,BTP063 - Siddalingaiah Circle,osmnx,residential,2,7.0,136.84936500803127,8,0.000652978470000286
29,POLICE_STATION::Hebbala,osmnx,tertiary,3,10.5,161.88384932494859,4,0.003065265664471032
56,BTP027 - Modi Bridge Junction,osmnx,tertiary,2,7.0,215.80369731149315,6,0.002146268464405573
290,POLICE_STATION::Kodigehalli,osmnx,secondary,2,9.0,312.5093325877144,6,0.000491198146259949
646,POLICE_STATION::K.R. Pura,osmnx,tertiary,2,7.0,819.2947925320815,6,0.00019450970294143563
473,POLICE_STATION::HAL Old Airport,osmnx,residential,2,7.0,57.16978007414944,6,0.00012760274191972074
55,BTP108 - Tagore Park Junction,osmnx,tertiary,2,7.0,147.22934632398545,6,0.0019134618477480044
91,POLICE_STATION::Kodigehalli,osmnx,secondary,2,9.0,312.5093325877144,6,0.000491198146259949
20,BTP082 - KR Market Junction,osmnx,residential,2,7.0,223.7564041556953,6,0.0597797122854599
230,POLICE_STATION::Jeevanbheemanagar,osmnx,unclassified,2,7.0,37.2838595266391,4,4.344607858552913e-05
366,"BTP148 - 17th Main, Doopanahalli Bus Stop",osmnx,residential,2,7.0,160.09582655892333,4,7.75271135648442e-05
355,POLICE_STATION::Kodigehalli,osmnx,residential,2,7.0,364.710740821767,6,0.01963572876611358
174,POLICE_STATION::Malleshwaram,osmnx,residential,2,7.0,82.65380380843382,4,0.0005312007208390695
240,POLICE_STATION::HAL Old Airport,osmnx,tertiary,2,7.0,37.4506938966808,4,0.0010040549672517953
341,BTP032 - Windsor Circle,osmnx,residential,2,7.0,124.98632531789193,6,9.384352974474293e-05
5,POLICE_STATION::K.R. Pura,osmnx,trunk,2,7.0,73.58149560752852,4,0.0024823158366945324
128,BTP020 - Hosahalli Metro Station,fallback,road,2,7.0,250.0,4,0.0
11,BTP032 - Windsor Circle,osmnx,residential,2,7.0,124.98632531789193,6,9.384352974474293e-05
80,BTP020 - Hosahalli Metro Station,fallback,road,2,7.0,250.0,4,0.0
227,POLICE_STATION::HAL Old Airport,osmnx,tertiary,2,7.0,20.4388642681544,4,4.103240755299974e-05
342,"BTP070 - Cholurpalya Junction, Magadi Road",osmnx,residential,2,7.0,117.90088085945987,6,0.01222945965849821
717,POLICE_STATION::HAL Old Airport,osmnx,primary,2,7.0,149.65647009053245,4,0.0003242042930893485
9,POLICE_STATION::K.R. Pura,osmnx,tertiary,2,7.0,819.2947925320815,6,0.0001690213368379252
138,"BTP070 - Cholurpalya Junction, Magadi Road",osmnx,residential,2,7.0,117.90088085945987,6,0.01222945965849821
244,BTP048 - Shanthala Junction,osmnx,primary,2,7.0,515.5257102177723,4,0.03197010265882574
484,"BTP070 - Cholurpalya Junction, Magadi Road",osmnx,residential,2,7.0,117.90088085945987,6,0.012186560678680056
83,"BTP001 - 10th Cross, Dr. Rajkumar Road",osmnx,secondary,2,7.0,477.4568033850199,3,0.013586489877547105
7,POLICE_STATION::HAL Old Airport,osmnx,primary,2,7.0,654.6255943453855,4,0.00019454188522186934
46,BTP091 - Sirsi Circle,osmnx,residential,2,7.0,134.00617692056778,6,0.00013513339554121248
223,POLICE_STATION::HAL Old Airport,osmnx,primary,2,7.0,645.9230443888042,2,0.0
90,POLICE_STATION::R.T. Nagar,osmnx,tertiary,2,7.0,41.25892648592,8,0.0007238760337957828
595,BTP061 - Bhashyam Circle,osmnx,residential,2,7.0,142.9923229233958,6,2.7483667490401392e-05
406,POLICE_STATION::Jnanabharathi,osmnx,secondary,2,7.0,89.08410999914251,4,0.00897138995194873
132,BTP061 - Bhashyam Circle,osmnx,residential,2,7.0,142.9923229233958,6,0.000705113764302921
363,POLICE_STATION::HAL Old Airport,osmnx,primary,2,7.0,645.9230443888042,6,1.2872912173490114e-05
151,POLICE_STATION::Hebbala,osmnx,tertiary,3,10.5,161.88384932494859,4,0.003065265664471032
550,POLICE_STATION::HAL Old Airport,osmnx,residential,2,7.0,27.563381754451342,2,0.0
575,POLICE_STATION::R.T. Nagar,osmnx,residential,2,7.0,57.81065396780868,6,1.596241109512774e-05
130,POLICE_STATION::HAL Old Airport,osmnx,primary,2,7.0,654.6255943453855,6,1.2872912173490114e-05
549,BTP042 - Minsk Square Junction (CTO),osmnx,residential,2,7.0,123.74213174435968,6,4.956071186793694e-06
410,POLICE_STATION::K.R. Pura,osmnx,tertiary,2,7.0,819.2947925320815,6,0.00019450970294143563
232,BTP032 - Windsor Circle,osmnx,residential,2,7.0,124.98632531789193,6,9.384352974474293e-05
119,BTP135 - UCO Bank Junction,osmnx,tertiary,2,7.0,348.93247723829813,4,0.0001798667653440906
34,BTP220 - Puttanna Junction,osmnx,secondary,2,7.0,43.6370275393122,5,0.0019474463358860182
413,POLICE_STATION::Mahadevapura,fallback,road,2,7.0,250.0,4,0.0
299,POLICE_STATION::Mahadevapura,osmnx,trunk,3,10.5,128.363778357975,3,0.04697892060242176
257,"BTP189 - New Diagonal Road, Jayanagar",osmnx,tertiary,2,7.0,116.95146687450143,8,0.00011669294885268788
89,BTP211 - Central Street Junction,osmnx,tertiary,2,7.0,174.52086557581785,6,0.0013528465225925098
239,BTP137 - Madiwala Traffic PS Junction,osmnx,primary,2,7.0,209.8164526252711,4,0.018772632187161502
250,POLICE_STATION::Jalahalli,osmnx,tertiary,2,7.0,710.2869173095183,6,0.002625880989709381
67,BTP100 - Richmond Circle,osmnx,residential,2,7.0,107.63479630521667,7,0.0019269140409693014
219,BTP023 - Mahalaxmi Layout Entrance,osmnx,residential,2,7.0,279.636773096363,4,8.695652173192571e-05
589,BTP010 - Rajajinagar Entrance,osmnx,secondary,2,7.0,499.8370626139274,2,0.0
226,POLICE_STATION::HAL Old Airport,osmnx,tertiary,2,7.0,45.4387774222795,3,0.015057348822490085
221,POLICE_STATION::K.R. Pura,osmnx,trunk,2,7.0,844.4283790025211,6,0.0001690213368379252
1,POLICE_STATION::Byatarayanapura,osmnx,secondary,2,7.0,1696.356320419458,6,5.107327904832203e-05
638,POLICE_STATION::HSR Layout,osmnx,tertiary,2,7.0,125.94768718207852,8,0.004109451935423683
728,"BTP148 - 17th Main, Doopanahalli Bus Stop",osmnx,primary,2,7.0,263.1016813251571,6,5.11698258896232e-05
658,"BTP189 - New Diagonal Road, Jayanagar",osmnx,tertiary,2,7.0,116.95146687450143,8,0.004051556012923411
357,"BTP163 - 16th Main Road, BTM Layout",osmnx,tertiary,2,7.0,126.97088752356137,4,0.00018028513498972906
544,POLICE_STATION::HSR Layout,osmnx,tertiary,2,7.0,125.94768718207852,6,0.0005654426672205532
690,BTP042 - Minsk Square Junction (CTO),osmnx,residential,2,7.0,161.82105428267127,6,4.956071186793694e-06
624,POLICE_STATION::Rajajinagar,fallback,road,2,7.0,250.0,4,0.0
369,POLICE_STATION::Cubbon Park,osmnx,unclassified,2,5.5,399.7833041664922,5,3.2986837444568416e-05
41,"BTP024 - NPS, Vijayanagar",osmnx,residential,2,7.0,214.65447576254377,4,0.0019893476650107286
259,POLICE_STATION::Bellandur,osmnx,secondary,2,7.0,336.8214930326555,2,0.0
99,BTP023 - Mahalaxmi Layout Entrance,osmnx,residential,2,7.0,279.636773096363,4,3.179609306852058e-05
224,BTP098 - Nayandahalli Junction,osmnx,residential,2,7.0,171.79530368196566,4,0.00011122196117895458
127,BTP042 - Minsk Square Junction (CTO),osmnx,residential,2,7.0,161.82105428267124,6,4.956071186793694e-06
391,"BTP011 - RR Kalyana Mantapa, Dr. Rajkumar Road",osmnx,tertiary,2,7.0,266.8145496322858,6,0.0008192964952817783
136,POLICE_STATION::Malleshwaram,osmnx,living_street,2,7.0,141.32903528062818,6,2.2624143144908875e-05
457,"BTP206 - Shankara Mutt Circle, Vijayanagar",osmnx,residential,2,7.0,189.54666446914717,3,0.012604769412916316
154,BTP028 - Vijayanagar Bus Stand Junction,osmnx,primary,2,7.0,403.39063056113565,6,0.005327004151072811
4,POLICE_STATION::Pulikeshinagar(F.Town),osmnx,residential,2,7.0,84.94201751274106,2,0.0
700,"BTP226 - 33rd Cross, 11th Main, Jayanagar",osmnx,residential,2,7.0,137.66187220229673,4,0.004360570269648041
644,POLICE_STATION::Mahadevapura,osmnx,tertiary,2,7.0,97.19452928862482,6,0.003935538891959831
408,BTP208 - Havanur Circle,osmnx,secondary,2,7.0,162.218707929637,4,0.004238052328036849
393,BTP135 - UCO Bank Junction,osmnx,secondary,2,7.0,105.59037412091766,4,0.00010996685224203929
464,POLICE_STATION::Jeevanbheemanagar,osmnx,residential,2,7.0,212.86338061001805,4,0.00025652495733722425
218,BTP208 - Havanur Circle,osmnx,secondary,2,7.0,198.2687269471049,4,0.0032540147392148312
266,POLICE_STATION::Malleshwaram,osmnx,tertiary,2,7.0,116.3207760227892,6,0.0003807163775309701
144,POLICE_STATION::Kodigehalli,osmnx,secondary,2,9.0,312.5093325877144,6,0.000491198146259949
235,POLICE_STATION::HAL Old Airport,osmnx,tertiary,2,7.0,212.4606540060012,4,0.01059852605067788
222,POLICE_STATION::Madiwala,osmnx,tertiary,2,7.0,69.43415501383191,6,0.00013468284361514032
323,BTP096 - Gali Anjaneya Temple,osmnx,trunk,2,7.0,309.4733907490982,3,0.008064171466522014
178,POLICE_STATION::HAL Old Airport,osmnx,trunk,3,10.5,555.5666642918122,6,0.016853087888411524
477,BTP032 - Windsor Circle,osmnx,residential,2,7.0,84.6705124175405,6,1.686351494727205e-05
82,POLICE_STATION::Malleshwaram,osmnx,primary,2,7.0,195.47462627322403,4,0.0005954043703043515
165,BTP104 - Medical College Circle,osmnx,secondary,2,7.0,60.11910709035619,5,0.005453931065103424
262,POLICE_STATION::Malleshwaram,osmnx,residential,2,7.0,88.95647933179158,6,1.9051910016765368e-05
277,POLICE_STATION::Sadashivanagar,osmnx,tertiary,2,7.0,66.42635711784355,8,0.008875132751171457
411,POLICE_STATION::Mahadevapura,osmnx,primary,2,7.0,377.8368118476869,3,7.446979692364031e-05
563,POLICE_STATION::Malleshwaram,osmnx,residential,2,7.0,102.2078477168891,6,0.00010481768737264326
206,"BTP095 - Satellite Bus Stand, Mysore Road",osmnx,trunk,2,7.0,309.4733907490982,3,0.008064171466522014
434,POLICE_STATION::Jeevanbheemanagar,osmnx,primary,2,7.0,337.63371137379687,4,0.021193447685947185
251,"BTP022 - Marenahalli Junction, Vijayanagar",osmnx,primary,2,7.0,156.67800849760903,4,0.008253532004594053
87,"BTP070 - Cholurpalya Junction, Magadi Road",osmnx,residential,2,7.0,117.90088085945987,6,0.01222945965849821
76,POLICE_STATION::Electronic City,osmnx,residential,2,7.0,30.352397895029934,4,6.436456086745057e-06
699,"BTP022 - Marenahalli Junction, Vijayanagar",osmnx,primary,2,7.0,156.8019566350709,4,0.0012007530652627242
454,BTP074 - Leprosy Hospital Junction,osmnx,primary,2,7.0,16.372647937398057,4,0.0005512180992688466
272,POLICE_STATION::Halasur,osmnx,residential,2,7.0,169.31174484615934,4,0.0055412737742005546
241,BTP172 - Nanjappa Circle,osmnx,residential,2,7.0,43.92799091819863,5,0.0017980883723930992
162,POLICE_STATION::Sadashivanagar,osmnx,tertiary,2,7.0,62.71742946903305,6,0.008870434138228134
249,POLICE_STATION::Jnanabharathi,osmnx,secondary,2,7.0,89.08410999914251,4,0.00897138995194873
49,BTP074 - Leprosy Hospital Junction,osmnx,primary,2,7.0,11.18258412618673,4,0.0005537283171426772
751,BTP225 - Geetha Junction,osmnx,residential,2,7.0,155.22079840980356,5,9.654684130117585e-07
103,BTP104 - Medical College Circle,osmnx,primary,2,7.0,79.10221403915612,4,0.0004858237054275169
120,POLICE_STATION::K.R. Pura,osmnx,tertiary,2,7.0,819.2947925320815,6,0.0001690213368379252
270,BTP042 - Minsk Square Junction (CTO),osmnx,residential,2,7.0,123.74213174435968,6,4.956071186793694e-06
356,POLICE_STATION::HSR Layout,osmnx,tertiary,2,7.0,60.69362165356742,4,0.005991310783785769
275,BTP135 - UCO Bank Junction,osmnx,secondary,2,7.0,65.18168909365299,5,0.0003133910468636168
360,POLICE_STATION::Mahadevapura,osmnx,trunk,3,10.5,128.363778357975,3,0.04697892060242176
42,POLICE_STATION::HSR Layout,osmnx,tertiary,2,7.0,49.59894336800874,4,0.005991310783785769
560,"BTP189 - New Diagonal Road, Jayanagar",osmnx,residential,2,7.0,69.03508385555692,8,0.004051556012923411
608,BTP155 - Katriguppe Junction,osmnx,secondary,2,7.0,214.28899630785918,4,0.016992437162689552
418,BTP054 - Shivananda Circle,osmnx,residential,2,7.0,83.26542895873206,4,0.019702474815733124
81,POLICE_STATION::Jnanabharathi,osmnx,secondary,2,7.0,89.08410999914251,4,0.00897138995194873
637,POLICE_STATION::Shivajinagar,osmnx,secondary,2,7.0,112.66923840750584,3,0.004708138898332275
405,POLICE_STATION::Sadashivanagar,osmnx,tertiary,2,7.0,62.71742946903305,6,0.008870434138228134
73,BTP042 - Minsk Square Junction (CTO),osmnx,residential,2,7.0,123.74213174435968,6,4.956071186793694e-06
110,BTP057 - Anand Rao Junction,osmnx,secondary,2,7.0,75.59882311339844,6,0.023800502041602837
444,BTP054 - Shivananda Circle,osmnx,secondary,2,7.0,171.24531729959264,3,0.008774788400779103
396,"BTP170 - Dr. Bheem Rao Palace, Chord Road",osmnx,primary,2,7.0,1084.457558731974,4,0.0011856595757393069
364,BTP135 - UCO Bank Junction,osmnx,residential,2,7.0,45.94874279792225,6,6.484729507395645e-05
734,BTP146 - Domlur Water Tank,osmnx,tertiary,2,7.0,299.32407103970183,4,0.015016927878265326
52,BTP010 - Rajajinagar Entrance,osmnx,secondary,2,7.0,56.24852794944342,4,0.008684163099077732
294,BTP063 - Siddalingaiah Circle,osmnx,residential,2,7.0,103.13752736102188,4,0.00010700608244213657
33,POLICE_STATION::Jeevanbheemanagar,osmnx,tertiary,2,7.0,126.80265731254077,8,0.00016937534192269617
691,POLICE_STATION::Sheshadripuram,osmnx,residential,2,7.0,140.0245632741363,3,0.03189994528748021
31,BTP218 - Syndicate Bank Junction,osmnx,residential,2,7.0,261.0897943765617,4,0.003436552633834921
446,POLICE_STATION::Jnanabharathi,osmnx,secondary,2,7.0,89.08410999914251,4,0.00897138995194873
588,POLICE_STATION::Rajajinagar,osmnx,tertiary,2,7.0,90.01438687191956,4,5.9569401082825506e-05
289,"BTP206 - Shankara Mutt Circle, Vijayanagar",osmnx,residential,2,7.0,184.546884524418,3,0.012604769412916316
412,BTP137 - Madiwala Traffic PS Junction,osmnx,primary,2,7.0,137.59652549227798,4,0.018772632187161502
673,BTP104 - Medical College Circle,osmnx,tertiary,2,7.0,99.75855894806543,6,5.461332989603181e-05
186,POLICE_STATION::R.T. Nagar,osmnx,tertiary,2,7.0,193.43143570096643,3,0.01134119653624696
726,BTP010 - Rajajinagar Entrance,osmnx,secondary,2,7.0,499.8370626139274,2,0.0
639,POLICE_STATION::HAL Old Airport,osmnx,tertiary,4,14.0,107.70504108371746,6,0.016853087888411524
407,BTP136 - Hosur-Tavarkere Road Junction,osmnx,tertiary,2,7.0,349.16642256339287,6,0.0031657387439851226
98,POLICE_STATION::Hulimavu,osmnx,tertiary,2,7.0,379.1306651222079,3,0.0063665883559234394
486,POLICE_STATION::Jeevanbheemanagar,osmnx,unclassified,2,7.0,37.2838595266391,3,0.01693177356407198
528,POLICE_STATION::Thalagattapura,osmnx,tertiary,2,7.0,462.5363891828942,6,0.009519936921941578
481,POLICE_STATION::Whitefield,osmnx,primary,2,7.0,440.9227435175336,4,0.0017818041384936342
483,BTP009 - Prakash Nagar Junction,osmnx,residential,2,7.0,142.32091701110286,8,0.0003457664209799445
509,POLICE_STATION::Vijayanagara,osmnx,tertiary,2,7.0,48.812214489166806,6,0.006438226112168912
675,POLICE_STATION::Electronic City,osmnx,residential,2,7.0,44.68975613699969,4,6.436456086745057e-06
228,BTP218 - Syndicate Bank Junction,osmnx,secondary,2,7.0,288.57893716085067,4,0.003439899591000028
44,POLICE_STATION::HSR Layout,osmnx,residential,2,7.0,71.57094226746808,3,1.802207704288616e-05
336,POLICE_STATION::Pulikeshinagar(F.Town),osmnx,residential,2,7.0,393.8608569405767,6,1.7796801079850082e-05
771,BTP009 - Prakash Nagar Junction,osmnx,residential,2,7.0,142.32091701110286,8,0.0003457664209799445
680,BTP180 - Swagath Poornima Theatre,osmnx,secondary,2,7.0,192.44347648861344,4,0.003989894763612394
710,POLICE_STATION::Mahadevapura,osmnx,primary,3,10.5,435.17428846268723,4,0.022271167893111777
172,POLICE_STATION::Rajajinagar,osmnx,trunk,3,10.5,307.89069443688936,4,0.00634447912926547
61,POLICE_STATION::Halasur,osmnx,secondary,2,7.0,53.64913443669723,3,0.010314324332167652
140,BTP037 - KR Circle,osmnx,secondary,2,7.0,275.36227157416573,6,0.006373958098142763
199,BTP091 - Sirsi Circle,osmnx,tertiary,2,7.0,69.29208949147844,4,0.00011421491325929104
94,POLICE_STATION::Malleshwaram,osmnx,living_street,2,7.0,141.32903528062818,4,1.1843079199610905e-05
612,BTP028 - Vijayanagar Bus Stand Junction,osmnx,tertiary,2,7.0,284.8278852831899,4,4.2448427892083654e-05
594,BTP010 - Rajajinagar Entrance,osmnx,secondary,2,7.0,106.24583808848925,4,0.010769059954696191
711,POLICE_STATION::Kodigehalli,osmnx,tertiary,2,7.0,363.2167501688096,4,0.008725967881361141
302,"BTP016 - 5th Main Road, RPC Layout",osmnx,primary,2,7.0,174.9635285477111,6,0.0030792649564597026
429,POLICE_STATION::Banaswadi,osmnx,primary,3,10.5,767.8723841714408,2,0.0
183,POLICE_STATION::Jeevanbheemanagar,osmnx,tertiary,2,7.0,203.61440050047483,6,0.008542593247449775
671,POLICE_STATION::Sadashivanagar,osmnx,tertiary,2,7.0,166.88741924818257,6,0.008870434138228134
169,POLICE_STATION::Byatarayanapura,osmnx,secondary,2,7.0,363.8594907712813,4,0.006585878414798844
319,"BTP163 - 16th Main Road, BTM Layout",osmnx,tertiary,2,7.0,48.420518613818075,4,6.391400894137841e-05
657,BTP100 - Richmond Circle,osmnx,residential,2,7.0,107.63479630521667,8,0.001898851092431093
674,POLICE_STATION::Electronic City,osmnx,residential,2,7.0,30.352397895029934,4,6.436456086745057e-06
605,POLICE_STATION::Kodigehalli,osmnx,tertiary,2,7.0,363.2167501688096,3,0.00871628101495059
533,BTP225 - Geetha Junction,osmnx,residential,2,7.0,155.22079840980356,3,0.002010491423255686
365,POLICE_STATION::HAL Old Airport,osmnx,primary,2,7.0,654.6255943453855,6,5.017217519617772e-05
84,BTP207 - 8th Main Road Basaveshwara Nagar,osmnx,secondary,2,7.0,209.89684442810244,6,0.007621182376351786
551,BTP054 - Shivananda Circle,osmnx,residential,2,7.0,65.82644640214397,6,5.322949183738162e-05
507,POLICE_STATION::HSR Layout,osmnx,secondary,4,14.0,54.42566337577483,4,0.00026099829431751206
64,"BTP080 - NR Road, SP Road Junction",osmnx,living_street,2,7.0,32.14771735041353,6,0.00013233353714347837
579,BTP208 - Havanur Circle,osmnx,secondary,2,7.0,82.74013294306678,4,0.0025147555753717277
159,POLICE_STATION::Jalahalli,osmnx,tertiary,2,7.0,710.2869173095183,6,0.002625880989709381
438,POLICE_STATION::Bellandur,osmnx,secondary,2,7.0,336.8214930326555,2,0.0
480,POLICE_STATION::Malleshwaram,osmnx,primary,2,7.0,79.65798343659841,6,0.0004578894860110434
285,POLICE_STATION::Byatarayanapura,osmnx,trunk,3,10.5,1036.3681608589934,3,0.013744247416233226
150,BTP023 - Mahalaxmi Layout Entrance,osmnx,residential,2,7.0,279.636773096363,4,3.179609306852058e-05
163,BTP171 - Indian Express (Balekundri),osmnx,residential,2,7.0,159.23620036229667,4,0.0292192578741922
687,BTP028 - Vijayanagar Bus Stand Junction,osmnx,tertiary,2,7.0,284.8278852831899,6,0.00012998423067181643
628,"BTP062 - Basava Mantapa, Dr. Rajkumar Road",osmnx,secondary,2,7.0,76.46562075056083,6,0.008683937823114695
53,BTP032 - Windsor Circle,osmnx,residential,2,7.0,84.6705124175405,5,0.001363498857416073
394,BTP120 - Lalbagh Main Gate Junction,osmnx,secondary,2,7.0,112.76042257741038,4,0.03575666977465785
43,BTP205 - Modi Hospital Junction,osmnx,secondary,2,7.0,263.16327409784355,2,0.0
758,BTP018 - Dhobi Ghat Junction,osmnx,residential,2,7.0,27.89775301664465,4,0.0036203456373919258
377,POLICE_STATION::Bellandur,osmnx,secondary,2,7.0,336.8214930326555,2,0.0
557,"BTP102 - BMTC Junction, KH Road",osmnx,tertiary,2,7.0,200.2305658482674,4,0.007200946158448201
292,"BTP189 - New Diagonal Road, Jayanagar",osmnx,tertiary,2,7.0,116.95146687450143,8,0.004051556012923411
776,BTP067 - Jai Muni Rao Circle,osmnx,primary,2,7.0,92.0228813015165,4,0.0002445853312963122
762,POLICE_STATION::Kodigehalli,osmnx,trunk,3,10.5,544.997585708495,4,0.0033400701570946126
359,POLICE_STATION::Halasur,osmnx,primary,2,7.0,83.68110429342855,4,0.015073729603230852
331,POLICE_STATION::Electronic City,osmnx,tertiary,2,7.0,95.86450050618102,6,0.00019531425995227876
347,"BTP148 - 17th Main, Doopanahalli Bus Stop",osmnx,tertiary,2,7.0,94.97045397981404,6,0.014104206222884443
152,"BTP095 - Satellite Bus Stand, Mysore Road",osmnx,trunk,2,7.0,309.4733907490982,5,0.049951662210645835
661,BTP023 - Mahalaxmi Layout Entrance,osmnx,residential,2,7.0,279.636773096363,4,3.179609306852058e-05
424,POLICE_STATION::HAL Old Airport,osmnx,trunk,3,10.5,1300.519007571314,4,0.003814533517529024
430,"BTP070 - Cholurpalya Junction, Magadi Road",osmnx,residential,2,7.0,12.16957946454004,6,0.012186560678680056
513,POLICE_STATION::Bellandur,osmnx,secondary,2,7.0,296.6390245631038,4,7.286068290195405e-05
659,POLICE_STATION::HAL Old Airport,osmnx,tertiary,2,7.0,480.75205120591266,4,0.004174846329265012
733,BTP082 - KR Market Junction,osmnx,residential,2,7.0,75.89676792716034,8,0.00018868471018293134
45,"BTP095 - Satellite Bus Stand, Mysore Road",osmnx,trunk,2,7.0,309.4733907490982,3,0.008064171466522014
68,BTP130 - GD Mara Junction,osmnx,residential,2,7.0,148.54489577937562,2,0.0
632,"BTP148 - 17th Main, Doopanahalli Bus Stop",osmnx,residential,2,7.0,149.05937677851068,2,0.0
747,POLICE_STATION::Shivajinagar,osmnx,secondary,2,7.0,112.66923840750584,3,0.004708074533771407
706,POLICE_STATION::Byatarayanapura,osmnx,secondary,2,7.0,363.8594907712813,4,0.006585878414798844
763,POLICE_STATION::Byatarayanapura,osmnx,residential,2,7.0,77.3767932926707,4,0.0010932642486140816
268,BTP017 - Attiguppe Circle,osmnx,tertiary,2,7.0,34.72728610893242,6,0.0008853667170122164
296,BTP171 - Indian Express (Balekundri),osmnx,primary,3,10.5,125.44478642864478,4,0.029133105909471116
607,POLICE_STATION::Sheshadripuram,osmnx,residential,2,7.0,152.94623002594787,3,0.026765004986035873
311,POLICE_STATION::Thalagattapura,osmnx,trunk,2,7.0,183.2528104333735,4,0.00019019727736331645
258,POLICE_STATION::Sheshadripuram,osmnx,primary,2,7.0,117.8126764143935,3,0.02672410130760461
402,POLICE_STATION::R.T. Nagar,osmnx,residential,2,7.0,57.631768906199575,4,0.00412644417949269
95,POLICE_STATION::Shivajinagar,osmnx,primary,3,10.5,121.28545526475943,4,0.029133105909471116
436,POLICE_STATION::Kamakshipalya,osmnx,residential,2,7.0,143.2059088141868,6,0.0010255849128619574
417,"BTP206 - Shankara Mutt Circle, Vijayanagar",osmnx,secondary,4,14.0,198.467630314897,4,0.012783863803529995
378,POLICE_STATION::Pulikeshinagar(F.Town),osmnx,tertiary,2,7.0,81.42570967048351,6,0.04081125092185918
210,BTP135 - UCO Bank Junction,osmnx,tertiary,2,7.0,116.60242350488782,4,0.0001798667653440906
660,BTP032 - Windsor Circle,osmnx,tertiary,2,7.0,203.3672727152225,4,0.0015256331862411809
587,POLICE_STATION::Banaswadi,osmnx,primary,3,10.5,767.8723841714408,2,0.0
524,BTP032 - Windsor Circle,osmnx,tertiary,2,7.0,203.3672727152225,4,0.0015256331862411809
379,POLICE_STATION::HSR Layout,osmnx,tertiary,4,14.0,20.668197638352805,4,0.005483892768187222
197,BTP219 - Canara Bank Junction,osmnx,residential,2,7.0,33.514051383199586,4,0.004062530170551312
335,BTP048 - Shanthala Junction,osmnx,primary,2,7.0,515.5257102177723,4,0.03197010265882574
640,BTP187 - South End Circle,osmnx,secondary,2,7.0,288.57893716085067,4,0.003436552633834921
317,BTP172 - Nanjappa Circle,osmnx,residential,2,7.0,38.85772396087328,4,0.00043162874517712355
202,POLICE_STATION::Kamakshipalya,osmnx,primary,2,7.0,171.76544369017682,4,0.0024293438031006208
598,BTP017 - Attiguppe Circle,osmnx,residential,2,7.0,188.67992323054645,6,0.000841116081415844
720,POLICE_STATION::Whitefield,osmnx,tertiary,2,7.0,396.51024970006915,2,0.0
125,POLICE_STATION::HSR Layout,osmnx,tertiary,2,7.0,125.94768718207852,8,0.004109451935423683
97,BTP048 - Shanthala Junction,osmnx,primary,2,7.0,515.5257102177723,4,0.03197010265882574
738,POLICE_STATION::Halasur,osmnx,primary,2,7.0,82.02866021243793,3,0.04343925594207718
28,BTP054 - Shivananda Circle,osmnx,secondary,2,7.0,53.50203825309511,3,0.008774788400779103
307,POLICE_STATION::Bellandur,osmnx,tertiary,2,7.0,293.8197510979401,4,0.013833649791278114
201,POLICE_STATION::Peenya,osmnx,secondary,2,7.0,149.05725384823262,4,0.000565474849500987
514,BTP075 - Police Corner,osmnx,primary,4,14.0,284.2681484132011,3,0.008117626234322432
96,POLICE_STATION::HAL Old Airport,osmnx,primary,2,7.0,654.6255943453855,6,5.017217519617772e-05
610,POLICE_STATION::Adugodi,osmnx,tertiary,2,8.0,321.26432743175474,3,0.007428024329188567
367,"BTP115 - Sahasra Hospital, Jayanagar",osmnx,primary,2,7.0,97.50217798588943,3,0.026085379587836462
773,POLICE_STATION::Kamakshipalya,osmnx,tertiary,2,7.0,124.94324652514479,4,0.01268982718010265
88,POLICE_STATION::Sheshadripuram,osmnx,residential,2,7.0,52.11999199358087,4,0.002993466996823391
692,POLICE_STATION::Mahadevapura,osmnx,primary,3,10.5,252.1160552574255,4,0.022271167893111777
526,POLICE_STATION::Jeevanbheemanagar,fallback,road,2,7.0,250.0,4,0.0
584,"BTP197 - 9th Cross, 24th Main, JP Nagar",osmnx,secondary,1,3.5,149.95531943589884,4,0.0004470118752244442
491,POLICE_STATION::Rajajinagar,osmnx,secondary,2,7.0,135.56419587191195,6,0.002012840729727348
100,POLICE_STATION::Chikkajala,osmnx,residential,2,7.0,32.21333224576199,4,6.436456086745057e-06
601,POLICE_STATION::Magadi Road,osmnx,tertiary,2,7.0,84.28843192845812,6,0.00395134039165279
552,POLICE_STATION::Halasur,osmnx,primary,2,7.0,120.76685615579584,2,0.0
18,"BTP016 - 5th Main Road, RPC Layout",osmnx,tertiary,2,7.0,55.04857105680446,8,0.0006984520322531398
664,POLICE_STATION::HAL Old Airport,osmnx,primary,2,7.0,178.90523248539338,8,1.9566826503704973e-05
102,BTP051 - Safina Plaza Junction,osmnx,secondary,2,7.0,84.39054984622355,3,0.053771441439885555
597,POLICE_STATION::Byatarayanapura,osmnx,secondary,1,3.5,107.97470922486004,2,0.0
381,"BTP095 - Satellite Bus Stand, Mysore Road",osmnx,trunk,2,7.0,309.4733907490982,3,0.008064171466522014
621,POLICE_STATION::Jalahalli,osmnx,primary,2,7.0,376.0507341540394,5,0.017183020627418073
190,POLICE_STATION::Kamakshipalya,osmnx,trunk,3,10.5,1486.4370115515912,4,0.007235606474475323
695,BTP048 - Shanthala Junction,osmnx,primary,2,7.0,515.5257102177723,4,0.03197010265882574
555,BTP135 - UCO Bank Junction,osmnx,tertiary,2,7.0,70.45501178392246,4,0.0001798667653440906
582,POLICE_STATION::Shivajinagar,osmnx,secondary,2,7.0,112.66923840750584,3,0.004708074533771407
665,POLICE_STATION::Electronic City,osmnx,tertiary,2,7.0,380.7404557640194,4,0.0018496122033674932
399,BTP054 - Shivananda Circle,osmnx,tertiary,2,7.0,54.595044914150066,3,0.008774788400779103
21,"BTP011 - RR Kalyana Mantapa, Dr. Rajkumar Road",osmnx,tertiary,2,7.0,206.30069626263946,6,0.0008419850029875546
709,BTP220 - Puttanna Junction,osmnx,secondary,2,7.0,94.65627911820616,4,0.0025694332698286268
426,POLICE_STATION::Pulikeshinagar(F.Town),osmnx,residential,2,7.0,122.73510183658027,6,5.445241849386318e-05
428,POLICE_STATION::Bellandur,fallback,road,2,7.0,250.0,4,0.0
631,POLICE_STATION::K.R. Pura,osmnx,residential,2,7.0,203.3572081606174,6,0.0
604,POLICE_STATION::Yeshwanthpura,osmnx,trunk,2,7.0,527.1255075617179,2,0.0
775,POLICE_STATION::Sheshadripuram,osmnx,secondary,2,7.0,148.02715126248836,6,0.015217069480282664
36,BTP034 - LRDE Junction,osmnx,tertiary,2,7.0,134.40662017059435,4,0.01931854021015878
755,BTP051 - Safina Plaza Junction,osmnx,secondary,2,7.0,84.39054984622355,3,0.053771441439885555
75,POLICE_STATION::Sheshadripuram,osmnx,residential,2,7.0,109.54528819274796,4,0.026756187041197033
455,POLICE_STATION::Wilson Garden,osmnx,residential,2,7.0,70.24988430128141,6,0.0001653203745880468
530,BTP219 - Canara Bank Junction,osmnx,secondary,2,7.0,178.0629576672631,5,0.008141859491489028
209,BTP074 - Leprosy Hospital Junction,osmnx,primary,2,7.0,26.531448734683334,4,0.0005537283171426772
303,POLICE_STATION::R.T. Nagar,osmnx,tertiary,2,7.0,130.14604686620214,6,0.017183793002148482
161,POLICE_STATION::Jnanabharathi,osmnx,secondary,2,7.0,89.08410999914251,4,0.00897138995194873
139,POLICE_STATION::Jeevanbheemanagar,osmnx,unclassified,2,7.0,26.995516622681894,4,4.344607858552913e-05
113,POLICE_STATION::Jeevanbheemanagar,osmnx,unclassified,2,7.0,37.2838595266391,3,0.01693177356407198
326,POLICE_STATION::Electronic City,osmnx,residential,2,7.0,30.352397895029934,4,6.436456086745057e-06
77,POLICE_STATION::HAL Old Airport,osmnx,trunk,2,7.0,64.37894906039097,4,0.0074905866823517285
134,BTP048 - Shanthala Junction,osmnx,primary,2,7.0,515.5257102177723,4,0.03197010265882574
39,"BTP070 - Cholurpalya Junction, Magadi Road",osmnx,residential,2,7.0,12.16957946454004,6,0.012186560678680056
312,POLICE_STATION::Sadashivanagar,osmnx,tertiary,2,7.0,62.71742946903305,6,0.008871238695238978
482,BTP010 - Rajajinagar Entrance,osmnx,secondary,3,10.5,250.79717350763895,4,0.009808000514103852
602,POLICE_STATION::HAL Old Airport,osmnx,trunk,3,10.5,1781.3542851225627,4,0.003814533517529024
451,BTP061 - Bhashyam Circle,osmnx,tertiary,2,7.0,33.07107148272224,4,0.0022494448554760964
603,POLICE_STATION::Kodigehalli,osmnx,trunk,3,10.5,587.8462017886009,3,0.0005936987094413641
66,"BTP022 - Marenahalli Junction, Vijayanagar",osmnx,tertiary,2,7.0,72.93358933738398,4,0.006531973095072354
195,POLICE_STATION::Banaswadi,osmnx,tertiary,2,7.0,138.73941122133496,2,0.0
556,BTP208 - Havanur Circle,osmnx,secondary,2,7.0,162.218707929637,4,0.004238052328036849
682,BTP018 - Dhobi Ghat Junction,osmnx,secondary,2,7.0,26.433416393637078,4,0.006214881085958858
58,POLICE_STATION::Mahadevapura,osmnx,trunk,3,10.5,1233.0204840192018,4,0.005287613039821931
166,POLICE_STATION::HSR Layout,osmnx,residential,2,7.0,48.738424154170545,2,0.0
716,POLICE_STATION::Shivajinagar,osmnx,residential,2,7.0,93.47173255876089,6,6.436456086745057e-06
182,"BTP062 - Basava Mantapa, Dr. Rajkumar Road",osmnx,secondary,2,7.0,36.630955096664955,4,0.0052881923208697385
564,POLICE_STATION::Jeevanbheemanagar,osmnx,tertiary,2,7.0,203.61440050047483,6,0.008542593247449775
662,POLICE_STATION::K.R. Pura,osmnx,residential,2,7.0,203.3572081606174,2,0.0
403,POLICE_STATION::Sheshadripuram,osmnx,residential,2,7.0,52.11999199358087,4,0.002993466996823391
400,POLICE_STATION::Sheshadripuram,osmnx,residential,2,7.0,52.11999199358087,4,0.002993466996823391
279,POLICE_STATION::HAL Old Airport,osmnx,trunk,3,10.5,1300.519007571314,4,0.007500144819640545
452,POLICE_STATION::Thalagattapura,osmnx,trunk,2,7.0,166.22385419193145,4,1.4353297073441477e-05
723,BTP208 - Havanur Circle,osmnx,secondary,2,7.0,197.88488394760455,6,2.3171241912282204e-05
374,POLICE_STATION::Jeevanbheemanagar,osmnx,unclassified,2,7.0,37.2838595266391,3,0.01693177356407198
581,BTP121 - KH Circle,osmnx,primary,2,7.0,254.39251979707808,3,0.023578927040816638
715,POLICE_STATION::Yelahanka,osmnx,primary,3,10.5,282.46476488993335,4,0.003764232613211112
338,BTP082 - KR Market Junction,osmnx,residential,2,7.0,80.1576240897915,6,5.535352234600749e-06
247,BTP008 - Navarang Theatre,osmnx,secondary,2,7.0,217.97545032159474,4,0.0019464808674730064
613,BTP023 - Mahalaxmi Layout Entrance,osmnx,tertiary,2,7.0,82.97745751514825,5,0.005221703729493663
281,BTP069 - MC Circle,osmnx,primary,2,7.0,202.67122261938005,3,0.01676745084017738
577,BTP028 - Vijayanagar Bus Stand Junction,osmnx,tertiary,2,7.0,430.6617429371603,4,0.0018794773596099903
788,POLICE_STATION::Hulimavu,osmnx,secondary,2,7.0,199.28325353317126,4,0.0046143275508679655
65,BTP061 - Bhashyam Circle,osmnx,residential,2,7.0,51.71426716145635,6,2.7483667490401392e-05
220,BTP054 - Shivananda Circle,osmnx,secondary,2,7.0,53.50203825309511,3,0.008774788400779103
629,POLICE_STATION::Jeevanbheemanagar,osmnx,residential,2,7.0,48.971799689562665,6,7.643291603009755e-05
63,BTP104 - Medical College Circle,osmnx,primary,2,7.0,30.169648032968325,4,0.00048447204964930046
618,POLICE_STATION::Jeevanbheemanagar,osmnx,tertiary,2,7.0,203.61440050047483,6,0.008542593247449775
107,POLICE_STATION::Yelahanka,osmnx,primary,3,10.5,282.46476488993335,4,0.003764232613211112
153,POLICE_STATION::Yelahanka,osmnx,secondary,2,7.0,46.72125457986109,5,0.0001159527564027122
47,POLICE_STATION::Hulimavu,osmnx,trunk,3,10.5,223.34535529330054,6,0.003794323045416645
205,POLICE_STATION::Mahadevapura,osmnx,primary,3,10.5,435.17428846268723,4,1.3709651464766971e-05
678,POLICE_STATION::Jeevanbheemanagar,osmnx,tertiary,2,7.0,203.61440050047483,6,0.008542593247449775
93,POLICE_STATION::Bellandur,osmnx,primary,3,10.5,231.14020167417016,4,0.0016754095193797383
48,POLICE_STATION::Chikkajala,osmnx,residential,2,7.0,113.78832329278389,2,0.0
122,POLICE_STATION::Sadashivanagar,osmnx,residential,2,7.0,33.69681982933375,4,0.00018691468475907645
324,POLICE_STATION::Hebbala,osmnx,tertiary,3,10.5,161.88384932494859,4,0.003065265664471032
207,POLICE_STATION::Jeevanbheemanagar,osmnx,tertiary,2,7.0,203.61440050047483,6,0.008542593247449775
634,POLICE_STATION::Halasur,osmnx,residential,2,7.0,20.103813437941543,6,7.627200462792893e-06
431,POLICE_STATION::Sheshadripuram,osmnx,secondary,2,7.0,41.09603034688859,8,0.008606121069025948
423,BTP185 - RV Teachers College,osmnx,secondary,2,7.0,191.557588577623,4,0.007179351848277171
735,POLICE_STATION::Malleshwaram,osmnx,primary,2,7.0,98.20280941188275,4,0.00021249959770388806
764,BTP098 - Nayandahalli Junction,osmnx,trunk,3,10.5,595.9895825753504,6,0.000768609403598661
225,POLICE_STATION::Yeshwanthpura,osmnx,trunk,3,10.5,215.70894899326876,4,0.02279644707435104
198,POLICE_STATION::Electronic City,osmnx,residential,2,7.0,30.352397895029934,4,6.436456086745057e-06
505,"BTP145 - Sri Hatti Maramma Circle, Domluru",osmnx,primary,2,7.0,308.3882444924752,4,0.015083609563324005
254,"BTP206 - Shankara Mutt Circle, Vijayanagar",osmnx,secondary,2,7.0,127.89500428391696,3,0.012604769412916316
590,POLICE_STATION::Hebbala,osmnx,tertiary,2,7.0,79.45199167461176,4,9.735139831201898e-05
523,BTP047 - Vidhan Soudha Metro Station,osmnx,primary,3,10.5,464.4512614542751,3,0.036854246448850055
261,POLICE_STATION::Mahadevapura,osmnx,primary,3,10.5,435.17428846268723,4,1.3709651464766971e-05
561,POLICE_STATION::Peenya,osmnx,motorway,2,7.0,4532.218137548263,4,0.007246838090346693
456,POLICE_STATION::Mahadevapura,fallback,road,2,7.0,250.0,4,0.0
309,"BTP011 - RR Kalyana Mantapa, Dr. Rajkumar Road",osmnx,tertiary,2,7.0,206.30069626263946,6,0.0008419850029875546
757,POLICE_STATION::Whitefield,osmnx,primary,2,7.0,373.5842373313795,3,6.800115855646153e-05
725,POLICE_STATION::Hulimavu,osmnx,residential,2,7.0,134.39997701128686,6,0.0034103562575618683
25,POLICE_STATION::Pulikeshinagar(F.Town),osmnx,tertiary,2,7.0,171.0789001216645,6,0.00012161683775904785
574,POLICE_STATION::Bellandur,osmnx,tertiary,2,7.0,42.20039583671381,6,0.023640652654688524
320,BTP053 - Three Let Junction,osmnx,secondary,2,7.0,58.98332534282063,5,0.0090427380676703
310,BTP218 - Syndicate Bank Junction,osmnx,residential,2,7.0,34.97056523713657,4,0.003436552633834921
585,POLICE_STATION::Pulikeshinagar(F.Town),osmnx,tertiary,2,7.0,81.42570967048351,6,0.04081125092185918
794,BTP218 - Syndicate Bank Junction,osmnx,secondary,2,7.0,70.78905276803462,4,0.004062530170551312
655,POLICE_STATION::Yelahanka,osmnx,secondary,2,7.0,53.57285919119946,6,0.005644707623514548
287,POLICE_STATION::Pulikeshinagar(F.Town),osmnx,primary,2,7.0,84.01273650752655,2,0.0
718,POLICE_STATION::Kodigehalli,osmnx,trunk,3,10.5,460.635866076374,3,0.00871628101495059
516,POLICE_STATION::Kamakshipalya,osmnx,trunk,3,10.5,1463.9037183779415,4,0.007235606474475323
298,BTP136 - Hosur-Tavarkere Road Junction,osmnx,tertiary,2,7.0,349.16642256339287,6,0.0031657387439851226
114,"BTP115 - Sahasra Hospital, Jayanagar",osmnx,primary,2,7.0,97.50217798588943,3,0.026085379587836462
184,"BTP148 - 17th Main, Doopanahalli Bus Stop",osmnx,primary,2,7.0,337.63371137379687,4,0.018881343930466626
471,POLICE_STATION::Jeevanbheemanagar,osmnx,primary,2,7.0,79.76938993836096,4,0.01789881890882499
468,POLICE_STATION::Pulikeshinagar(F.Town),osmnx,residential,2,7.0,77.04984242297428,4,0.037713996070637024
542,"BTP179 - 9th Block, 28th Main, Jayanagar",osmnx,residential,2,7.0,230.70475322915317,4,0.005585202586992589
314,POLICE_STATION::Banaswadi,osmnx,primary,3,10.5,767.8723841714408,2,0.0
630,"BTP062 - Basava Mantapa, Dr. Rajkumar Road",osmnx,secondary,2,7.0,71.20305886784634,4,0.005450809383901353
164,POLICE_STATION::HAL Old Airport,osmnx,tertiary,2,7.0,128.93672298774078,4,0.0014343964212115696
672,"BTP001 - 10th Cross, Dr. Rajkumar Road",osmnx,residential,2,7.0,77.6156101274455,6,1.9566826503704973e-05
253,POLICE_STATION::Pulikeshinagar(F.Town),osmnx,primary,2,7.0,129.36862712941107,6,8.547613683197436e-05
401,POLICE_STATION::Kodigehalli,osmnx,trunk,3,10.5,562.093274815508,4,0.013159141375667666
187,"BTP022 - Marenahalli Junction, Vijayanagar",osmnx,primary,2,7.0,156.67800849760903,4,0.008253532004594053
572,BTP192 - Urvashi Theater,osmnx,secondary,3,10.5,101.51361259025651,6,0.030607311811579205
212,POLICE_STATION::Malleshwaram,osmnx,primary,2,7.0,107.33475625307807,6,0.0003807163775309701
745,BTP136 - Hosur-Tavarkere Road Junction,osmnx,residential,2,7.0,56.85866014409665,2,0.0
106,POLICE_STATION::HSR Layout,osmnx,secondary,2,7.0,117.5334096851756,6,0.006127087824935656
260,BTP219 - Canara Bank Junction,osmnx,secondary,2,7.0,81.45489199135767,4,0.0031044314997588757
345,POLICE_STATION::Pulikeshinagar(F.Town),osmnx,tertiary,2,7.0,81.42570967048351,6,0.04081125092185918
472,POLICE_STATION::Mahadevapura,osmnx,trunk,3,10.5,128.363778357975,4,0.04697206577668938
432,BTP047 - Vidhan Soudha Metro Station,osmnx,primary,3,10.5,462.18264480726384,3,3.37270298945441e-05
583,POLICE_STATION::Halasur,osmnx,tertiary,2,7.0,100.31209634600191,6,0.00013049914715875603
70,POLICE_STATION::Peenya,osmnx,tertiary,2,7.0,170.1844296075653,4,0.000145850094925643
683,POLICE_STATION::Pulikeshinagar(F.Town),osmnx,tertiary,2,7.0,73.5926960700416,6,6.597367488913683e-05
420,"BTP163 - 16th Main Road, BTM Layout",osmnx,tertiary,2,7.0,48.420518613818075,4,6.391400894137841e-05
137,POLICE_STATION::Mahadevapura,osmnx,trunk,3,10.5,1233.0204840192018,6,0.003935538891959831
566,BTP218 - Syndicate Bank Junction,osmnx,residential,2,7.0,261.0897943765617,4,0.003436552633834921
741,POLICE_STATION::HSR Layout,osmnx,secondary,2,7.0,67.33689216483063,3,1.802207704288616e-05
78,"BTP163 - 16th Main Road, BTM Layout",osmnx,tertiary,2,7.0,33.655616924973636,4,6.059923405670471e-05
614,POLICE_STATION::Bellandur,osmnx,primary,3,10.5,185.17392461293443,4,9.780195023809114e-05
176,POLICE_STATION::Yeshwanthpura,osmnx,trunk,3,10.5,215.70894899326876,4,0.02279644707435104
708,BTP130 - GD Mara Junction,osmnx,trunk,3,10.5,127.80253117282206,3,0.027823094002135895
344,"BTP016 - 5th Main Road, RPC Layout",osmnx,secondary,2,7.0,108.65323725774309,6,0.0005639622823206019
756,POLICE_STATION::HAL Old Airport,osmnx,tertiary,2,7.0,152.90751859770253,4,0.005487432819034932
112,POLICE_STATION::K.R. Pura,osmnx,trunk,2,7.0,370.68663568233933,4,0.0029642776684700024
398,POLICE_STATION::Thalagattapura,osmnx,tertiary,2,7.0,199.03242134204714,4,0.00019019727736331645
562,BTP068 - Veeresh Theatre Junction,osmnx,secondary,2,7.0,70.91095864596276,6,0.0003745695619681286
126,POLICE_STATION::HAL Old Airport,osmnx,tertiary,2,7.0,480.75205120591266,4,0.004174846329265012
689,POLICE_STATION::Mahadevapura,osmnx,primary,2,7.0,373.5842373313795,3,7.446979692364031e-05
620,POLICE_STATION::Sadashivanagar,osmnx,tertiary,2,7.0,166.88741924818257,6,0.008870434138228134
101,POLICE_STATION::Yeshwanthpura,osmnx,trunk,3,10.5,215.70894899326876,4,0.02279644707435104
51,POLICE_STATION::Kodigehalli,osmnx,residential,2,7.0,76.30325596414883,8,0.008938660572747632
160,POLICE_STATION::Mahadevapura,osmnx,primary,3,10.5,17.6595112177989,4,0.021792713929903583
327,POLICE_STATION::HAL Old Airport,osmnx,tertiary,2,7.0,401.6178028193282,4,0.007500144819640545
647,BTP068 - Veeresh Theatre Junction,osmnx,primary,2,7.0,139.67143148213535,4,0.00019145238630023173
792,"BTP226 - 33rd Cross, 11th Main, Jayanagar",osmnx,secondary,2,7.0,61.384276462862026,4,0.004360570269648041
439,POLICE_STATION::K.S. Layout,osmnx,secondary,2,7.0,34.85084296566095,6,0.014072023942450718
746,POLICE_STATION::Basavanagudi,osmnx,tertiary,4,14.0,284.66212699742334,2,0.0
282,BTP096 - Gali Anjaneya Temple,osmnx,trunk,2,7.0,142.8477814529788,4,0.037198629031771346
606,POLICE_STATION::Mahadevapura,osmnx,primary,3,10.5,49.26887908718787,4,0.022271167893111777
173,BTP010 - Rajajinagar Entrance,osmnx,residential,2,7.0,48.541952453903434,4,0.010769059954696191
117,POLICE_STATION::K.R. Pura,osmnx,tertiary,2,7.0,819.2947925320815,6,0.00019450970294143563
705,"BTP163 - 16th Main Road, BTM Layout",osmnx,tertiary,2,7.0,33.52768302898772,4,0.00034312747398437896
654,POLICE_STATION::Malleshwaram,osmnx,tertiary,2,7.0,116.3207760227892,6,0.0003807163775309701
651,POLICE_STATION::HAL Old Airport,osmnx,primary,2,7.0,71.82756494202371,4,0.00030708331989860667
740,"BTP179 - 9th Block, 28th Main, Jayanagar",osmnx,primary,2,7.0,37.51049066741189,4,0.005584912946468686
668,BTP020 - Hosahalli Metro Station,osmnx,secondary,2,7.0,47.509941867251456,6,0.015103144207547277
179,"BTP206 - Shankara Mutt Circle, Vijayanagar",osmnx,secondary,4,14.0,198.467630314897,4,0.012783863803529995
149,POLICE_STATION::HAL Old Airport,osmnx,primary,2,7.0,51.24437833337508,6,4.8015962407118124e-05
390,BTP155 - Katriguppe Junction,osmnx,secondary,2,7.0,224.11303954489853,4,0.016992437162689552
62,POLICE_STATION::Halasur,osmnx,primary,2,7.0,83.68110429342855,4,0.010395520225701942
648,"BTP148 - 17th Main, Doopanahalli Bus Stop",osmnx,primary,2,7.0,81.88245782170505,6,0.007078653492800045
798,BTP063 - Siddalingaiah Circle,osmnx,residential,2,7.0,136.84936500803127,8,0.000652978470000286
92,POLICE_STATION::Banaswadi,osmnx,primary,3,10.5,767.8723841714408,3,0.016305345475429518
719,"BTP148 - 17th Main, Doopanahalli Bus Stop",osmnx,primary,2,7.0,180.29046401769745,4,0.006568789623888536
370,BTP219 - Canara Bank Junction,osmnx,secondary,2,7.0,81.45489199135767,4,0.0031044314997588757
547,"BTP070 - Cholurpalya Junction, Magadi Road",osmnx,residential,2,7.0,117.90088085945987,6,0.01222945965849821
291,BTP032 - Windsor Circle,osmnx,primary,2,7.0,75.5327147158729,5,0.001363498857416073
784,POLICE_STATION::Rajajinagar,osmnx,tertiary,2,7.0,38.8583425851211,4,0.002076690374107859
677,BTP074 - Leprosy Hospital Junction,osmnx,primary,2,7.0,483.5857409488655,2,0.0
211,POLICE_STATION::Adugodi,osmnx,secondary,2,7.0,336.2217490807465,4,0.0014816078266078447
385,POLICE_STATION::Yeshwanthpura,osmnx,trunk,2,7.0,434.08764690408026,2,0.0
328,BTP032 - Windsor Circle,osmnx,unclassified,2,7.0,230.1074737032866,6,5.184565377873143e-05
300,POLICE_STATION::Yeshwanthpura,osmnx,trunk,3,10.5,215.70894899326876,4,0.02279644707435104
681,BTP017 - Attiguppe Circle,osmnx,tertiary,2,7.0,43.62901806219302,6,0.0008389920509072182
276,POLICE_STATION::Pulikeshinagar(F.Town),osmnx,tertiary,2,7.0,68.08542754622567,6,0.00012161683775904785
200,POLICE_STATION::Magadi Road,osmnx,tertiary,2,7.0,22.212287651320125,5,0.0035428507061075155
383,"BTP145 - Sri Hatti Maramma Circle, Domluru",osmnx,primary,2,7.0,62.21623753668247,4,0.015083609563324005
111,POLICE_STATION::Yeshwanthpura,osmnx,trunk,2,7.0,335.3800676129379,4,0.019904515172296054
537,POLICE_STATION::Yeshwanthpura,osmnx,trunk,3,10.5,215.70894899326876,3,0.008904225532683545
500,POLICE_STATION::Bellandur,osmnx,primary,3,10.5,214.3449862307452,4,0.0018818910306425197
731,POLICE_STATION::Shivajinagar,osmnx,residential,2,7.0,135.26926617015937,4,0.029133105909471116
702,POLICE_STATION::Byatarayanapura,osmnx,trunk,3,10.5,1036.3681608589934,3,0.013744247416233226
453,POLICE_STATION::Rajajinagar,osmnx,trunk,3,10.5,607.3736534564339,6,1.6219869338597543e-05
180,POLICE_STATION::HAL Old Airport,osmnx,primary,2,7.0,271.7281893582682,4,0.00031178193284193056
118,BTP108 - Tagore Park Junction,osmnx,tertiary,2,7.0,115.6119347778154,2,0.0
766,POLICE_STATION::Bellandur,osmnx,primary,3,10.5,62.316827445857776,4,0.0011265407265825535
567,POLICE_STATION::Pulikeshinagar(F.Town),osmnx,tertiary,2,7.0,87.98336448798587,6,0.008819811411105884
743,POLICE_STATION::Jeevanbheemanagar,osmnx,residential,2,7.0,56.386464415079566,8,0.01133852540697096
252,POLICE_STATION::HSR Layout,osmnx,tertiary,2,7.0,66.52058661813035,8,0.004109451935423683
770,POLICE_STATION::Kodigehalli,osmnx,tertiary,2,7.0,143.3395887152856,2,0.0
425,"BTP186 - 9th Cross, 4th Main, Jayanagar",osmnx,residential,2,7.0,51.20134642048872,8,9.731921603158526e-05
24,"BTP148 - 17th Main, Doopanahalli Bus Stop",osmnx,residential,2,7.0,149.05937677851068,6,0.00012872912173490114
449,BTP051 - Safina Plaza Junction,osmnx,secondary,2,7.0,72.93114226165291,3,0.053771441439885555
177,BTP075 - Police Corner,osmnx,primary,4,14.0,284.2681484132011,3,0.008117626234322432
313,"BTP204 - ESI Hospital, Rajajinagar",osmnx,tertiary,2,7.0,206.29454556621604,6,0.0010770765615559178
635,BTP034 - LRDE Junction,osmnx,tertiary,2,7.0,134.40662017059435,4,0.01931854021015878
40,POLICE_STATION::Halasur,osmnx,secondary,2,7.0,17.12801636150521,6,0.007910661988853145
591,POLICE_STATION::Kodigehalli,osmnx,residential,2,7.0,170.73202862506844,2,0.0
419,BTP067 - Jai Muni Rao Circle,osmnx,primary,2,7.0,82.35744429062548,6,0.0005765455539701884
617,POLICE_STATION::Yeshwanthpura,osmnx,trunk,3,10.5,215.70894899326876,4,0.02279644707435104
767,BTP023 - Mahalaxmi Layout Entrance,osmnx,tertiary,2,7.0,82.97745751514825,6,0.0005547581501165565
642,POLICE_STATION::R.T. Nagar,osmnx,residential,2,7.0,97.8673615445482,4,0.004154635857152633
769,POLICE_STATION::Sheshadripuram,osmnx,residential,2,7.0,52.11999199358087,8,0.00019003636596114781
121,BTP067 - Jai Muni Rao Circle,osmnx,primary,2,7.0,139.67143148213535,4,0.00013889872235195834
8,POLICE_STATION::Sheshadripuram,osmnx,residential,2,7.0,52.11999199358087,4,0.002993466996823391
185,POLICE_STATION::Electronic City,osmnx,residential,2,7.0,30.352397895029934,4,6.436456086745057e-06
554,BTP096 - Gali Anjaneya Temple,osmnx,trunk,2,7.0,142.8477814529788,4,0.037198629031771346
737,"BTP099 - Cash Pharmacy, Residency Road",osmnx,tertiary,2,7.0,159.78362216236624,3,0.01200251021687958
780,POLICE_STATION::Pulikeshinagar(F.Town),osmnx,primary,2,7.0,84.01273650752655,4,0.04009130112627631
653,POLICE_STATION::Ashok Nagar,osmnx,secondary,3,10.5,148.3427004039179,4,0.04173771441098526
785,POLICE_STATION::Kodigehalli,osmnx,residential,2,7.0,40.29766545612527,6,1.6284233899464994e-05
229,POLICE_STATION::Yelahanka,osmnx,secondary,2,7.0,111.42804494662124,4,7.279631834108659e-05
368,POLICE_STATION::Ashok Nagar,osmnx,secondary,3,10.5,148.3427004039179,4,0.04173771441098526
485,POLICE_STATION::HAL Old Airport,osmnx,primary,2,7.0,433.21914935000837,4,0.0003479869983298715
593,POLICE_STATION::Yeshwanthpura,osmnx,tertiary,2,7.0,97.92596794732184,7,0.02955144337282911
611,POLICE_STATION::Yelahanka,osmnx,secondary,2,7.0,46.72125457986108,5,0.0001159527564027122
559,POLICE_STATION::Jeevanbheemanagar,osmnx,residential,2,7.0,56.99269882896511,8,0.00016937534192269617
71,POLICE_STATION::Bellandur,osmnx,tertiary,2,7.0,60.59097373950764,4,0.0004702796639780276
623,POLICE_STATION::Jalahalli,osmnx,residential,2,7.0,69.30288377257133,4,0.005148360312385202
12,POLICE_STATION::Banashankari,osmnx,residential,2,7.0,116.7601603977935,6,0.00011218742959196634
527,POLICE_STATION::Jeevanbheemanagar,osmnx,primary,2,7.0,180.1990287509702,4,0.007840247159264154
774,POLICE_STATION::Hebbala,osmnx,tertiary,1,3.5,242.76590053078064,4,0.006620055996619459
10,POLICE_STATION::HAL Old Airport,osmnx,tertiary,2,7.0,65.98138935298205,6,0.0036533002925560605
104,POLICE_STATION::Mahadevapura,osmnx,trunk,3,10.5,110.64726978853082,6,0.006359154249143249
515,POLICE_STATION::Yelahanka,osmnx,secondary,2,7.0,295.3046084355595,4,0.0009570044732576888
26,POLICE_STATION::HAL Old Airport,osmnx,residential,2,7.0,144.0801010174358,6,0.0021812506032370324
488,"BTP115 - Sahasra Hospital, Jayanagar",osmnx,primary,2,7.0,97.50217798588943,3,0.026085379587836462
233,POLICE_STATION::Chikkajala,osmnx,residential,2,7.0,32.21333224576199,4,6.436456086745057e-06
493,BTP010 - Rajajinagar Entrance,osmnx,secondary,2,7.0,47.77536977822868,4,0.007168602966612307
490,POLICE_STATION::Yelahanka,osmnx,secondary,2,7.0,67.33863489089643,6,0.00016013902743821701
263,POLICE_STATION::Electronic City,osmnx,residential,2,7.0,30.352397895029934,4,6.436456086745057e-06
686,POLICE_STATION::Jeevanbheemanagar,osmnx,secondary,2,4.0,70.23630021333575,4,0.006709748012188252
6,POLICE_STATION::HSR Layout,osmnx,tertiary,2,7.0,125.94768718207852,6,0.0005654426672205532
487,POLICE_STATION::Jeevanbheemanagar,osmnx,tertiary,2,7.0,203.61440050047483,6,0.004781932867366806
645,POLICE_STATION::Mahadevapura,osmnx,trunk,3,10.5,958.6880906708378,4,0.005169664982032329
147,POLICE_STATION::Banaswadi,osmnx,trunk,3,10.5,128.363778357975,3,0.04697892060242176
109,"BTP115 - Sahasra Hospital, Jayanagar",osmnx,primary,2,7.0,281.9621494720291,4,0.02418997199941178
510,"BTP186 - 9th Cross, 4th Main, Jayanagar",osmnx,residential,2,7.0,261.0897943765617,2,0.0
684,"BTP115 - Sahasra Hospital, Jayanagar",osmnx,primary,2,7.0,97.50217798588943,5,0.05380417081908665
340,BTP020 - Hosahalli Metro Station,osmnx,residential,2,7.0,136.8458752746439,8,0.01504254497349057
146,POLICE_STATION::Mahadevapura,osmnx,trunk,3,10.5,128.363778357975,3,0.04697892060242176
315,POLICE_STATION::Sheshadripuram,osmnx,residential,2,7.0,52.11999199358087,4,0.002993466996823391
392,POLICE_STATION::Bellandur,osmnx,primary,3,10.5,72.55364064850811,4,0.00011067486241158125
521,"BTP206 - Shankara Mutt Circle, Vijayanagar",osmnx,secondary,2,7.0,127.89500428391696,3,0.012604769412916316
376,BTP042 - Minsk Square Junction (CTO),osmnx,residential,2,7.0,123.74213174435968,6,4.956071186793694e-06
188,POLICE_STATION::Whitefield,osmnx,tertiary,2,7.0,46.692632908467125,6,0.0007551893926577975
14,POLICE_STATION::Bellandur,osmnx,tertiary,2,7.0,381.1578949215379,3,0.017008367391504246
305,POLICE_STATION::Mahadevapura,osmnx,trunk,3,10.5,110.64726978853082,6,0.006359154249143249
267,POLICE_STATION::Bellandur,osmnx,trunk,3,10.5,747.9219496253924,6,0.007059247577698509
321,POLICE_STATION::Ashok Nagar,osmnx,secondary,2,7.0,148.54757646081015,5,0.05377260000198117
442,BTP140 - Madiwala Check Post,osmnx,secondary,2,7.0,76.58193843059654,6,0.0055310076267421964
397,BTP041 - Gopal Gowda Circle,osmnx,primary,3,10.5,333.23072679594253,4,0.004836900202347609
759,POLICE_STATION::Electronic City,osmnx,motorway,2,7.0,16.10467662286898,2,0.0
669,POLICE_STATION::Yeshwanthpura,osmnx,trunk,2,7.0,426.88730443151974,2,0.0
469,BTP214 - 5th Main Chamrajpet  Junction,osmnx,secondary,2,7.0,50.830524984723624,8,0.0008507707655459616
778,"BTP210 - 50th cross, 12th Main , Rajajinagar",osmnx,residential,2,7.0,50.66626475839577,6,9.268496764912883e-06
129,BTP192 - Urvashi Theater,osmnx,secondary,3,10.5,81.1626807755301,4,0.030530009973977396
772,POLICE_STATION::Sheshadripuram,osmnx,primary,3,10.5,39.00157681098711,4,0.01614546390623477
242,"BTP115 - Sahasra Hospital, Jayanagar",osmnx,primary,2,7.0,100.8348505616091,4,0.02418997199941178
609,POLICE_STATION::Kamakshipalya,osmnx,trunk,3,10.5,1486.4370115515912,4,0.01268982718010265
181,BTP105 - Shivasankara Circle,osmnx,secondary,2,7.0,89.88071580764729,6,0.007979918256346521
497,POLICE_STATION::Ashok Nagar,osmnx,secondary,3,10.5,148.3427004039179,4,0.04173771441098526
350,BTP017 - Attiguppe Circle,osmnx,tertiary,2,7.0,43.62901806219302,6,0.000841116081415844
534,"BTP163 - 16th Main Road, BTM Layout",osmnx,tertiary,2,7.0,33.655616924973636,4,0.00034312747398437896
714,POLICE_STATION::R.T. Nagar,osmnx,secondary,2,7.0,306.9852355017146,4,0.006849322562429319
749,BTP137 - Madiwala Traffic PS Junction,osmnx,primary,2,7.0,70.0087607317579,4,0.018772632187161502
492,POLICE_STATION::Mico Layout,osmnx,secondary,2,7.0,35.92690980723799,6,0.000883886332112265
541,POLICE_STATION::Mahadevapura,osmnx,primary,3,10.5,20.891134369647325,4,0.021779487012645322
358,BTP120 - Lalbagh Main Gate Junction,osmnx,primary,2,7.0,54.38548771535151,4,0.0044042416241966064
246,POLICE_STATION::Yeshwanthpura,osmnx,secondary,2,7.0,89.95300201847832,3,0.008006307726302177
538,"BTP089 - Police Quarters, Sultan Road",osmnx,secondary,2,7.0,134.43275788211793,5,0.004984134135331902
255,POLICE_STATION::K.G. Halli,osmnx,residential,2,7.0,67.33661877153322,2,0.0
193,POLICE_STATION::Rajajinagar,osmnx,tertiary,2,7.0,36.56745057927736,6,2.484472049483592e-05
325,"BTP011 - RR Kalyana Mantapa, Dr. Rajkumar Road",osmnx,tertiary,2,7.0,206.30069626263946,6,0.0008419850029875546
445,POLICE_STATION::Jeevanbheemanagar,osmnx,secondary,2,7.0,47.47340519897885,4,0.00025652495733722425
599,BTP126 - Dairy Circle,osmnx,secondary,2,7.0,381.8360416330332,4,0.0002069642454692873
284,POLICE_STATION::Bellandur,osmnx,trunk,3,10.5,651.8820137537867,6,0.023640652654688524
155,POLICE_STATION::Jeevanbheemanagar,osmnx,tertiary,2,7.0,62.93656099621725,5,0.0022869372121813863
676,POLICE_STATION::HAL Old Airport,osmnx,tertiary,2,7.0,213.9999987320469,6,9.522736780339312e-05
650,BTP051 - Safina Plaza Junction,osmnx,secondary,2,7.0,72.93114226165291,3,0.053771441439885555
752,"BTP062 - Basava Mantapa, Dr. Rajkumar Road",osmnx,secondary,2,7.0,141.53526930316633,4,0.0052881923208697385
501,POLICE_STATION::Kengeri,osmnx,tertiary,2,7.0,41.29719218587978,6,0.0021565024295834975
511,"BTP159 - JP Nagar Metro, ORR",osmnx,trunk,2,8.0,282.4978307943676,2,0.0
729,POLICE_STATION::Banaswadi,osmnx,tertiary,2,7.0,85.92449058122187,4,0.00022064171465362056
273,POLICE_STATION::Hebbala,osmnx,tertiary,2,7.0,689.4638755236219,3,0.00871628101495059
532,BTP171 - Indian Express (Balekundri),osmnx,primary,3,10.5,125.44478642864478,4,0.0292192578741922
194,POLICE_STATION::Sheshadripuram,osmnx,residential,2,7.0,140.0245632741363,3,0.03189994528748021
50,BTP076 - Hudson Circle,osmnx,unclassified,2,7.0,46.49778350116507,1,0.0
796,POLICE_STATION::Mico Layout,osmnx,secondary,2,7.0,35.92690980723799,6,0.000883886332112265
626,POLICE_STATION::HAL Old Airport,osmnx,trunk,3,10.5,731.1756911600004,4,0.01544060760017532
777,BTP052 - CID Carlton House Junction,osmnx,tertiary,2,7.0,58.234635366038546,4,0.004804717921913884
573,POLICE_STATION::HSR Layout,osmnx,secondary,2,7.0,32.96251912879164,3,1.802207704288616e-05
586,POLICE_STATION::Hennuru,osmnx,primary,2,7.0,174.67276826703653,4,0.006189778907220553
422,POLICE_STATION::Kodigehalli,osmnx,residential,2,7.0,43.35085186162586,6,0.008170694814757646
641,POLICE_STATION::Hulimavu,osmnx,residential,2,7.0,243.64150909563028,8,0.00714771666661082
384,BTP121 - KH Circle,osmnx,primary,2,7.0,254.39251979707808,3,0.0150011585608528
416,BTP034 - LRDE Junction,osmnx,tertiary,2,7.0,134.40662017059435,4,0.01931854021015878
450,POLICE_STATION::Yeshwanthpura,osmnx,trunk,3,10.5,76.5782401570708,3,0.01386090818280548
525,POLICE_STATION::Bellandur,osmnx,secondary,2,7.0,43.18300816574651,6,0.005311492291903756
578,POLICE_STATION::Mahadevapura,osmnx,trunk,3,10.5,1233.0204840192018,4,0.0038730409033575367
545,POLICE_STATION::Ashok Nagar,osmnx,secondary,3,10.5,148.3427004039179,4,0.04173771441098526
389,BTP076 - Hudson Circle,osmnx,unclassified,2,7.0,46.49778350116507,3,0.013183406815114696
156,BTP047 - Vidhan Soudha Metro Station,osmnx,primary,3,10.5,462.18264480726384,3,3.37270298945441e-05
732,POLICE_STATION::Bellandur,osmnx,tertiary,2,7.0,56.5991066457462,6,0.00043072764132497923
69,BTP192 - Urvashi Theater,osmnx,secondary,3,10.5,101.51361259025651,6,0.030607311811579205
553,BTP048 - Shanthala Junction,osmnx,primary,2,7.0,515.5257102177723,4,0.03197010265882574
295,POLICE_STATION::HAL Old Airport,osmnx,primary,2,7.0,238.551078802209,4,0.0003479869983298715
433,BTP061 - Bhashyam Circle,osmnx,secondary,2,7.0,40.920265389722054,6,0.005192932770785912
213,POLICE_STATION::Electronic City,osmnx,motorway,2,7.0,16.10467662286898,2,0.0
791,BTP192 - Urvashi Theater,osmnx,primary,3,10.5,35.82590088708114,4,0.06792417854166406
543,POLICE_STATION::HAL Old Airport,osmnx,residential,2,7.0,13.875690582292524,4,0.0014518392172066488
786,POLICE_STATION::Ashok Nagar,osmnx,secondary,3,10.5,53.961694869899254,3,0.00018939272035247331
548,BTP108 - Tagore Park Junction,osmnx,tertiary,2,7.0,51.922819910189446,8,0.00180829015529059
522,POLICE_STATION::Whitefield,osmnx,tertiary,2,7.0,126.62337531262847,6,0.003104077494674105
72,POLICE_STATION::Kamakshipalya,osmnx,primary,2,7.0,171.76544369017682,4,0.0024293438031006208
105,BTP096 - Gali Anjaneya Temple,osmnx,trunk,2,7.0,142.8477814529788,4,0.037198629031771346
38,POLICE_STATION::Kodigehalli,osmnx,tertiary,2,7.0,34.16949994397174,8,0.00017581179800944124
571,BTP020 - Hosahalli Metro Station,osmnx,secondary,2,7.0,40.34224223830406,6,0.014986998357461962
264,BTP109 - Dewan Madhava Rao Junction,osmnx,primary,2,7.0,12.731624799786042,3,0.013337334662429203
388,POLICE_STATION::Bellandur,osmnx,trunk,3,10.5,124.05465799458297,3,0.014962024907845392
158,POLICE_STATION::Malleshwaram,osmnx,primary,2,7.0,37.82839732503471,3,0.00014910050524944926
558,POLICE_STATION::Pulikeshinagar(F.Town),osmnx,tertiary,2,7.0,46.6315757946132,6,0.0003022881601139816
496,POLICE_STATION::Hulimavu,osmnx,tertiary,2,7.0,173.7729158245739,6,0.003794323045416645
171,POLICE_STATION::HAL Old Airport,osmnx,primary,2,7.0,87.61229118975135,2,0.0
208,"BTP001 - 10th Cross, Dr. Rajkumar Road",osmnx,secondary,2,7.0,231.10597929019906,6,0.013333955522983663
736,POLICE_STATION::Whitefield,osmnx,primary,2,7.0,373.5842373313795,3,7.446979692364031e-05
744,POLICE_STATION::Malleshwaram,osmnx,trunk,2,7.0,147.30821602923103,3,0.05203038006842102
354,BTP140 - Madiwala Check Post,osmnx,secondary,2,7.0,76.58193843059654,6,0.002376597045469745
467,"BTP176 - Rajalakshmi Kalyana Mantapa, JP Nagar",osmnx,primary,2,7.0,223.2891718359855,4,0.0190132912802449
409,POLICE_STATION::Electronic City,osmnx,residential,2,7.0,30.352397895029934,4,6.436456086745057e-06
721,POLICE_STATION::HAL Old Airport,osmnx,residential,2,7.0,32.53906907189561,8,0.00235020757551409
466,POLICE_STATION::Sheshadripuram,osmnx,primary,2,7.0,93.94278231983571,4,0.004875583303428947
339,POLICE_STATION::Rajajinagar,osmnx,secondary,2,7.0,26.26547913493244,6,0.003885785086409292
656,POLICE_STATION::Yeshwanthpura,osmnx,trunk,2,7.0,426.88730443151974,3,0.008006307726302177
703,BTP058 - Subbanna Junction,osmnx,secondary,2,7.0,67.94539804853437,5,0.00015721043991874802
157,"BTP210 - 50th cross, 12th Main , Rajajinagar",osmnx,tertiary,2,7.0,33.784258407466965,4,0.0022217359120226586
795,"BTP001 - 10th Cross, Dr. Rajkumar Road",osmnx,residential,2,7.0,123.00305863787875,3,0.004225726514630732
790,BTP140 - Madiwala Check Post,osmnx,residential,2,7.0,74.39269759482774,6,0.001973803623561239
362,POLICE_STATION::Basavanagudi,osmnx,residential,2,7.0,120.77905083862859,6,0.0007972838154651102
667,POLICE_STATION::Kodigehalli,osmnx,tertiary,2,7.0,99.18374919713433,6,0.0001435651530148485
217,POLICE_STATION::HSR Layout,osmnx,tertiary,4,14.0,20.668197638352805,4,0.005483892768187222
750,BTP074 - Leprosy Hospital Junction,osmnx,residential,2,7.0,70.64986791150444,4,0.0005375406300845134
793,POLICE_STATION::HAL Old Airport,osmnx,primary,2,7.0,30.1544322106095,4,0.0014451131205960002
441,BTP119 - Minerva Circle,osmnx,primary,5,17.5,144.79785369984828,4,0.01929665625946385
301,BTP118 - Basappa Circle,osmnx,primary,4,14.0,51.15865239378046,4,0.0005030734077399936
470,BTP096 - Gali Anjaneya Temple,osmnx,trunk,2,7.0,142.8477814529788,4,0.037198629031771346
565,BTP074 - Leprosy Hospital Junction,osmnx,primary,2,7.0,113.09411772886996,4,0.0003948122163609418
499,POLICE_STATION::Mahadevapura,osmnx,trunk,3,10.5,1053.5377964575991,4,0.005287613039821931
304,BTP054 - Shivananda Circle,osmnx,tertiary,2,7.0,5.107289424516664,4,0.0006414893958854461
373,BTP054 - Shivananda Circle,osmnx,tertiary,2,7.0,5.107289424516664,4,0.0006414893958854461
730,POLICE_STATION::Bellandur,osmnx,trunk,3,10.5,124.05465799458297,3,0.006588678273196578
115,BTP166 - Coffee Board Junction,osmnx,tertiary,2,7.0,263.5918360068611,4,1.2390177966984235e-05
448,"BTP148 - 17th Main, Doopanahalli Bus Stop",osmnx,residential,2,7.0,149.05937677851068,4,0.017302931804314133
666,"BTP148 - 17th Main, Doopanahalli Bus Stop",osmnx,residential,2,7.0,149.05937677851068,6,0.00012872912173490114
698,"BTP001 - 10th Cross, Dr. Rajkumar Road",osmnx,residential,2,7.0,238.84955032718074,4,0.0016889904417227704
765,POLICE_STATION::Byatarayanapura,osmnx,trunk,2,7.0,91.60177496308135,6,1.3902745147369323e-05
503,BTP192 - Urvashi Theater,osmnx,primary,3,10.5,105.68366231566388,4,0.04441553760131468
476,POLICE_STATION::Kodigehalli,osmnx,tertiary,2,7.0,55.59284367156635,6,0.0001435651530148485
536,POLICE_STATION::HAL Old Airport,osmnx,tertiary,2,7.0,212.8016089396459,6,0.001776783702745973
633,POLICE_STATION::K.G. Halli,osmnx,residential,2,7.0,35.05189181252858,6,9.654684130117585e-06
768,POLICE_STATION::Yeshwanthpura,osmnx,secondary,2,7.0,234.66261999520373,6,0.00030003540048362086
57,POLICE_STATION::Hulimavu,osmnx,tertiary,2,7.0,186.6261498668086,4,9.767322111635623e-05
421,POLICE_STATION::Bellandur,osmnx,tertiary,2,7.0,190.45143974325904,4,0.013833649791278114
727,POLICE_STATION::Halasur,osmnx,unclassified,2,7.0,221.23892620645685,6,2.4458533129631216e-05
427,BTP052 - CID Carlton House Junction,osmnx,tertiary,3,10.5,253.31992097881817,5,0.0047950954200642
600,POLICE_STATION::Electronic City,osmnx,residential,2,7.0,30.352397895029934,4,6.436456086745057e-06
192,POLICE_STATION::HAL Old Airport,osmnx,primary,2,7.0,238.551078802209,4,0.0003479869983298715
143,POLICE_STATION::HAL Old Airport,osmnx,tertiary,4,14.0,88.30846438748243,6,0.014534258036320314
175,BTP214 - 5th Main Chamrajpet  Junction,osmnx,tertiary,2,7.0,50.61189861789873,8,0.004086087599828798
234,POLICE_STATION::Bellandur,osmnx,trunk,3,10.5,124.05465799458297,3,0.006588678273196578
596,POLICE_STATION::Electronic City,osmnx,motorway,2,7.0,16.10467662286898,2,0.0
535,BTP192 - Urvashi Theater,osmnx,primary,3,10.5,35.82590088708114,4,0.04441553760131468
508,POLICE_STATION::HSR Layout,osmnx,trunk,3,10.5,241.26921166033094,4,0.000365268882922782
713,"BTP123 - 10th Cross, Wilson Garden",osmnx,tertiary,2,7.0,11.062823102703268,6,0.008848357093850599
783,BTP180 - Swagath Poornima Theatre,osmnx,secondary,2,7.0,111.38634752517993,4,0.003989894763612394
540,POLICE_STATION::Kodigehalli,osmnx,tertiary,2,7.0,99.18374919713433,8,0.00025195507351563525
782,POLICE_STATION::HSR Layout,osmnx,secondary,4,14.0,40.74237836403716,4,0.00020764007335839554
148,POLICE_STATION::Bellandur,osmnx,trunk,3,10.5,747.9219496253924,4,0.013833649791278114
170,POLICE_STATION::Ashok Nagar,osmnx,residential,2,7.0,90.5342711977637,4,0.04173771441098526
670,"BTP206 - Shankara Mutt Circle, Vijayanagar",osmnx,secondary,2,7.0,127.89500428391696,4,0.014080198241680884
124,POLICE_STATION::Yelahanka,osmnx,tertiary,2,7.0,197.99725561226938,2,0.0
371,POLICE_STATION::Basavanagudi,osmnx,tertiary,4,14.0,284.6621269974234,6,0.0007996974864976396
231,POLICE_STATION::Kamakshipalya,osmnx,primary,2,7.0,171.76544369017682,4,0.0024293438031006208
576,POLICE_STATION::Rajajinagar,osmnx,secondary,2,7.0,26.26547913493244,6,0.003885785086409292
189,POLICE_STATION::Kodigehalli,osmnx,tertiary,2,7.0,362.9195387394715,3,0.019596562930825734
332,BTP106 - VV Puram College,osmnx,secondary,2,7.0,67.71780945618099,3,0.00012683036718931135
498,"BTP001 - 10th Cross, Dr. Rajkumar Road",osmnx,secondary,2,7.0,91.30110558350486,4,0.0016889904417227704
539,POLICE_STATION::Rajajinagar,osmnx,secondary,2,7.0,178.3895357499719,6,0.003885785086409292
694,POLICE_STATION::Electronic City,osmnx,motorway,2,7.0,16.10467662286898,2,0.0
415,POLICE_STATION::Jeevanbheemanagar,osmnx,unclassified,2,7.0,37.2838595266391,3,0.01693177356407198
243,POLICE_STATION::Basavanagudi,osmnx,tertiary,4,14.0,284.66212699742334,6,6.372091525877607e-06
697,BTP076 - Hudson Circle,osmnx,unclassified,2,7.0,46.49778350116507,3,0.013183406815114696
60,POLICE_STATION::Mahadevapura,osmnx,primary,3,10.5,178.49919937446995,6,0.02187278344362269
580,POLICE_STATION::Yeshwanthpura,osmnx,trunk,3,10.5,76.5782401570708,3,0.01386090818280548
372,POLICE_STATION::Kamakshipalya,osmnx,tertiary,2,7.0,40.6624790152056,6,0.00039548804425005
459,POLICE_STATION::Yelahanka,osmnx,primary,2,7.0,368.0941048418436,4,0.0008316223086878951
349,BTP192 - Urvashi Theater,osmnx,secondary,3,10.5,101.51361259025651,6,0.030607311811579205
696,BTP171 - Indian Express (Balekundri),osmnx,primary,3,10.5,125.44478642864478,4,0.029133105909471116
269,BTP167 - JC Road Junction,osmnx,tertiary,2,7.0,48.639727734260056,5,0.03743745373487002
395,POLICE_STATION::Jeevanbheemanagar,osmnx,unclassified,2,7.0,37.2838595266391,3,0.01693177356407198
404,"BTP145 - Sri Hatti Maramma Circle, Domluru",osmnx,primary,2,7.0,308.3882444924752,4,0.015083609563324005
22,POLICE_STATION::HAL Old Airport,osmnx,tertiary,2,7.0,281.5793173574476,4,0.014751649340650128
685,POLICE_STATION::HAL Old Airport,osmnx,tertiary,2,7.0,142.4527416548394,4,0.001855984294893371
278,POLICE_STATION::HAL Old Airport,osmnx,tertiary,2,7.0,142.4527416548394,4,0.001855984294893371
512,BTP184 - Lalbagh West Gate,osmnx,secondary,2,7.0,12.213044059250791,4,0.0270436713523115
297,POLICE_STATION::Mahadevapura,osmnx,tertiary,2,7.0,97.19452928862482,6,0.003935538891959831
517,"BTP210 - 50th cross, 12th Main , Rajajinagar",osmnx,residential,2,7.0,90.3491225650429,8,0.0041633894374306065
615,POLICE_STATION::HAL Old Airport,osmnx,tertiary,2,7.0,142.4527416548394,3,0.017456087276898232
502,POLICE_STATION::Yelahanka,osmnx,secondary,2,7.0,29.476017306460854,6,0.005659447107953194
216,BTP042 - Minsk Square Junction (CTO),osmnx,residential,2,7.0,123.74213174435968,6,4.956071186793694e-06
748,POLICE_STATION::Yeshwanthpura,osmnx,trunk,3,10.5,96.48929926158173,3,0.03798081935771304
437,POLICE_STATION::Mahadevapura,osmnx,trunk,3,10.5,110.64726978853082,3,0.013023332152237346
214,POLICE_STATION::Mahadevapura,fallback,road,2,7.0,250.0,4,0.0
440,POLICE_STATION::Malleshwaram,osmnx,tertiary,2,7.0,115.44595367313946,5,0.0011023074694159584
288,POLICE_STATION::Electronic City,osmnx,motorway,2,7.0,16.10467662286898,2,0.0
754,POLICE_STATION::Jeevanbheemanagar,osmnx,secondary,2,7.0,146.89377737204424,6,0.0022252115983095013
265,POLICE_STATION::HAL Old Airport,osmnx,tertiary,2,7.0,152.90751859770253,4,0.005487432819034932
79,"BTP011 - RR Kalyana Mantapa, Dr. Rajkumar Road",osmnx,tertiary,2,7.0,77.98256323788593,6,0.0008192964952817783
351,"BTP197 - 9th Cross, 24th Main, JP Nagar",osmnx,residential,2,7.0,98.30720010474903,6,0.0026976474750765884
688,POLICE_STATION::Mahadevapura,osmnx,primary,3,10.5,420.5428766509583,4,0.000365622888007553
619,BTP067 - Jai Muni Rao Circle,osmnx,primary,2,7.0,139.67143148213535,4,0.010291346183937972
116,POLICE_STATION::HAL Old Airport,osmnx,tertiary,2,7.0,212.4606540060012,2,0.0
704,POLICE_STATION::Bellandur,osmnx,trunk,3,10.5,747.9219496253924,6,0.0008266662375011013
724,POLICE_STATION::Jeevanbheemanagar,osmnx,tertiary,2,7.0,62.93656099621725,5,0.0022869372121813863
85,POLICE_STATION::Yeshwanthpura,osmnx,tertiary,2,7.0,69.75429465700792,6,0.00019415569785666465
489,POLICE_STATION::Jeevanbheemanagar,osmnx,secondary,2,7.0,146.89377737204424,6,0.0022252115983095013
568,POLICE_STATION::Hebbala,osmnx,trunk,3,10.5,587.8462017886009,4,0.006620055996619459
30,POLICE_STATION::HSR Layout,osmnx,tertiary,2,7.0,50.01325011644195,6,0.003794323045416645
663,"BTP001 - 10th Cross, Dr. Rajkumar Road",osmnx,secondary,2,7.0,50.073482430767775,4,0.0018769993240165936
204,POLICE_STATION::Electronic City,osmnx,residential,2,7.0,30.352397895029934,4,6.436456086745057e-06
283,POLICE_STATION::Yelahanka,osmnx,primary,2,7.0,82.27068317109648,4,0.00017941621341801845
375,POLICE_STATION::High ground,osmnx,primary,3,10.5,125.44478642864478,4,0.029133105909471116
520,POLICE_STATION::Yelahanka,osmnx,primary,3,10.5,102.95875790347324,4,0.0076080841882152596
196,POLICE_STATION::HAL Old Airport,osmnx,tertiary,4,14.0,134.10310205800457,6,0.014983619218016421
306,POLICE_STATION::Peenya,osmnx,tertiary,2,7.0,170.1844296075653,4,0.00037653268107458584
54,"BTP099 - Cash Pharmacy, Residency Road",osmnx,primary,4,14.0,274.6651715545373,3,0.01200251021687958
59,"BTP011 - RR Kalyana Mantapa, Dr. Rajkumar Road",osmnx,tertiary,2,5.0,123.73283849479625,6,0.016370707686990414
86,"BTP204 - ESI Hospital, Rajajinagar",osmnx,residential,2,7.0,35.67458262270173,6,0.0010288996877466311
108,"BTP117 - 9th Cross, Kanakapura Road",osmnx,residential,2,7.0,61.1206689460406,8,3.1635181666351956e-05
135,BTP032 - Windsor Circle,osmnx,tertiary,2,7.0,156.75668750470095,4,9.690084638594683e-05
141,POLICE_STATION::Rajajinagar,osmnx,trunk,3,10.5,307.89069443688936,4,5.4066231128658476e-05
142,BTP032 - Windsor Circle,osmnx,unclassified,2,7.0,230.1074737032866,6,5.184565377873143e-05
167,POLICE_STATION::Banaswadi,osmnx,trunk,2,7.0,1880.986976243092,5,0.018267370384352014
168,"BTP170 - Dr. Bheem Rao Palace, Chord Road",osmnx,tertiary,2,7.0,206.62338967211033,4,0.011007530652710096
191,POLICE_STATION::Byatarayanapura,osmnx,secondary,2,7.0,363.8594907712813,4,0.006585878414798844
203,POLICE_STATION::Hulimavu,osmnx,tertiary,2,7.0,33.39937135776843,6,0.003378238341689011
215,"BTP101 - Blood Bank Circle, KH Road",osmnx,tertiary,2,7.0,177.07680250008073,6,0.0018726225338776068
236,POLICE_STATION::Banashankari,osmnx,residential,2,7.0,92.21753703917642,6,0.00011218742959196634
237,POLICE_STATION::Bellandur,osmnx,tertiary,2,7.0,77.04010727066496,6,0.00043072764132497923
238,POLICE_STATION::Mahadevapura,osmnx,tertiary,2,7.0,199.76383396903316,4,0.0019629903773355074
245,POLICE_STATION::Hebbala,osmnx,tertiary,1,3.5,242.76590053078064,4,0.006620055996619459
248,POLICE_STATION::Chikkajala,osmnx,primary,2,7.0,368.0941048418436,4,0.0008316223086878951
256,POLICE_STATION::Hulimavu,osmnx,primary,2,7.0,254.2650504076409,4,0.007809963633376019
271,POLICE_STATION::K.R. Pura,osmnx,tertiary,2,7.0,400.0808385595675,8,0.005107746274477841
274,POLICE_STATION::Ashok Nagar,osmnx,secondary,3,10.5,148.3427004039179,4,0.04173771441098526
280,POLICE_STATION::HAL Old Airport,osmnx,tertiary,2,7.0,449.3305444774743,6,0.00023322498630320713
293,POLICE_STATION::Yeshwanthpura,osmnx,secondary,2,7.0,89.95300201847832,3,0.008006307726302177
308,POLICE_STATION::Mahadevapura,fallback,road,2,7.0,250.0,4,0.0
316,POLICE_STATION::HSR Layout,osmnx,trunk,3,10.5,411.8149519538856,6,0.014968911915858208
318,BTP109 - Dewan Madhava Rao Junction,osmnx,primary,2,7.0,48.34855256346072,3,0.013330318925294652
322,POLICE_STATION::Rajajinagar,osmnx,tertiary,2,7.0,90.01438687191956,6,0.0008392173268702542
329,BTP172 - Nanjappa Circle,osmnx,residential,2,7.0,35.813350699098024,4,0.00043162874517712355
330,POLICE_STATION::Pulikeshinagar(F.Town),osmnx,tertiary,1,3.5,94.29638753452295,6,0.02619428442482419
333,POLICE_STATION::Yelahanka,osmnx,tertiary,2,7.0,197.99725561226938,2,0.0
334,POLICE_STATION::Bellandur,osmnx,tertiary,2,7.0,293.8197510979401,4,0.013833649791278114
337,POLICE_STATION::Pulikeshinagar(F.Town),osmnx,tertiary,2,7.0,119.10602798439612,4,0.001976120747752467
343,POLICE_STATION::HAL Old Airport,osmnx,tertiary,2,7.0,212.4606540060012,2,0.0
346,POLICE_STATION::Yeshwanthpura,osmnx,secondary,2,7.0,118.66630354209123,4,0.016074630707000142
352,POLICE_STATION::K.G. Halli,osmnx,residential,2,7.0,64.78767913058873,6,0.00019000418368071408
353,POLICE_STATION::HAL Old Airport,fallback,road,2,7.0,250.0,4,0.0
361,BTP009 - Prakash Nagar Junction,osmnx,tertiary,2,7.0,55.23128728782457,6,0.00013413574484776698
380,POLICE_STATION::HAL Old Airport,fallback,road,2,7.0,250.0,4,0.0
386,POLICE_STATION::Yelahanka,osmnx,primary,3,10.5,102.95875790347324,4,0.0076080841882152596
387,POLICE_STATION::Yelahanka,osmnx,tertiary,2,7.0,49.60031877891846,6,0.01149705532038749
414,BTP172 - Nanjappa Circle,osmnx,residential,2,7.0,35.813350699098024,4,0.00043162874517712355
435,POLICE_STATION::Jayanagara,osmnx,tertiary,2,7.0,32.45346585574398,6,0.00477971229001688
443,POLICE_STATION::Adugodi,osmnx,secondary,2,7.0,135.5291612506764,4,0.0014816078266078447
447,POLICE_STATION::Shivajinagar,osmnx,living_street,2,7.0,49.107029942730605,6,0.00014507772019523358
458,POLICE_STATION::Shivajinagar,osmnx,tertiary,2,7.0,50.06533154685434,6,0.002054774241132492
460,BTP105 - Shivasankara Circle,osmnx,primary,2,7.0,285.4471545474512,6,0.0
461,POLICE_STATION::Banashankari,osmnx,residential,2,7.0,116.7601603977935,4,0.00017333376241604438
462,POLICE_STATION::Wilson Garden,osmnx,secondary,2,7.0,95.25123150101905,2,0.0
463,POLICE_STATION::Bellandur,osmnx,residential,2,7.0,167.83622897686092,3,0.006588678273196578
465,POLICE_STATION::K.G. Halli,osmnx,residential,2,7.0,71.51761913087962,6,7.669037427356735e-05
474,"BTP101 - Blood Bank Circle, KH Road",osmnx,tertiary,2,7.0,177.07680250008073,6,0.0018726225338776068
475,POLICE_STATION::Kodigehalli,osmnx,residential,2,7.0,96.73646413031804,8,0.00017581179800944124
478,POLICE_STATION::Yelahanka,osmnx,secondary,2,7.0,142.39471981247618,4,0.0010074662889777701
479,"BTP011 - RR Kalyana Mantapa, Dr. Rajkumar Road",osmnx,tertiary,2,7.0,206.30069626263946,6,0.0009391433076169713
494,POLICE_STATION::Rajajinagar,osmnx,trunk,3,10.5,307.89069443688936,4,2.0242654392813206e-05
495,POLICE_STATION::Bellandur,osmnx,trunk,3,10.5,447.5535980974462,3,0.017060116498441677
504,POLICE_STATION::K.R. Pura,osmnx,residential,2,7.0,203.3572081606174,2,0.0
506,POLICE_STATION::Banaswadi,osmnx,secondary,2,7.0,586.8492976510557,3,0.0002756734141952908
518,POLICE_STATION::Banashankari,osmnx,residential,2,7.0,92.21753703917642,6,0.00011218742959196634
519,POLICE_STATION::Banaswadi,osmnx,tertiary,2,12.0,60.35831859531628,8,3.66556174140131e-05
529,POLICE_STATION::Chikkabanavara,osmnx,residential,2,7.0,89.75605397567696,2,0.0
531,BTP172 - Nanjappa Circle,osmnx,residential,2,7.0,35.813350699098024,4,0.00043162874517712355
546,POLICE_STATION::Yeshwanthpura,osmnx,tertiary,2,7.0,97.92596794732184,3,0.03282576513099762
569,POLICE_STATION::Pulikeshinagar(F.Town),osmnx,tertiary,2,7.0,105.04349204393063,6,0.00030756605410511254
570,POLICE_STATION::Adugodi,osmnx,residential,2,7.0,72.00029907085388,6,5.3615679202586325e-05
592,POLICE_STATION::HSR Layout,osmnx,tertiary,2,7.0,153.97322553808684,6,0.013049753804473435
616,BTP009 - Prakash Nagar Junction,osmnx,tertiary,2,7.0,32.64582601686872,6,0.00033292569108688805
622,BTP018 - Dhobi Ghat Junction,osmnx,tertiary,2,7.0,129.4377342070629,6,6.436456086745057e-06
625,POLICE_STATION::Sheshadripuram,osmnx,secondary,2,7.0,148.02715126248836,8,0.008606121069025948
627,POLICE_STATION::Banashankari,osmnx,residential,2,7.0,116.7601603977935,6,0.00011218742959196634
636,POLICE_STATION::Sheshadripuram,osmnx,secondary,2,7.0,78.92662494959077,4,0.002993466996823391
643,POLICE_STATION::R.T. Nagar,osmnx,residential,2,7.0,49.24471319124331,6,3.449940462495351e-05
649,POLICE_STATION::Banaswadi,osmnx,tertiary,2,7.0,138.73941122133496,2,0.0
652,POLICE_STATION::Byatarayanapura,osmnx,tertiary,2,7.0,41.72490332460399,6,0.00015190036364718334
679,POLICE_STATION::Yelahanka,osmnx,primary,3,10.5,157.19697590691652,6,0.00027931001188430176
693,"BTP101 - Blood Bank Circle, KH Road",osmnx,tertiary,2,7.0,177.07680250008073,6,0.0018726225338776068
701,POLICE_STATION::Banaswadi,osmnx,secondary,2,7.0,586.8492976510557,3,0.000273774659649701
707,POLICE_STATION::Bellandur,osmnx,secondary,2,7.0,336.8214930326555,6,0.0001802207704288616
712,"BTP190 - 36th Cross, 4th Main, Jayanagar",osmnx,tertiary,2,7.0,179.8598251124937,8,3.7106169340085255e-05
722,POLICE_STATION::HAL Old Airport,osmnx,tertiary,2,7.0,294.2291648121559,4,0.007500144819640545
739,POLICE_STATION::HAL Old Airport,osmnx,tertiary,2,7.0,212.4606540060012,4,0.008838155310953107
742,POLICE_STATION::Kodigehalli,osmnx,tertiary,2,7.0,92.01708328624659,5,0.00021246741542345433
753,POLICE_STATION::Hulimavu,osmnx,tertiary,2,7.0,174.6374362303312,7,0.00024345895148113178
760,POLICE_STATION::Hulimavu,osmnx,tertiary,2,7.0,65.44659998609978,8,0.00714771666661082
761,POLICE_STATION::Kamakshipalya,osmnx,residential,2,7.0,100.09402175372941,6,6.436456086745057e-06
779,POLICE_STATION::Pulikeshinagar(F.Town),osmnx,tertiary,2,7.0,105.04349204393063,6,0.0003022881601139816
781,POLICE_STATION::Chikkajala,osmnx,residential,2,7.0,32.21333224576199,4,6.436456086745057e-06
787,POLICE_STATION::J.P. Nagar,osmnx,primary,2,7.0,346.33788194985755,4,0.013676053163994163
789,POLICE_STATION::HAL Old Airport,osmnx,trunk,3,10.5,125.02041934512121,3,0.017456087276898232
797,POLICE_STATION::Malleshwaram,osmnx,secondary,2,7.0,130.4719060087859,6,0.00019344768768712268
